pde,component_index,multiscale,dense_numerical,manufactured
heat_1d,0,0.1870869994851376,0.18708522735352695,0.1870700283429834
heat_1d,1,0.37100151416268234,0.37100315788273636,0.37097307344736946
heat_1d,2,0.5486504339806356,0.5486572469405654,0.548612897246829
heat_1d,3,0.717082477950917,0.7170908737477331,0.7170331716893229
heat_1d,4,0.873540445083763,0.8735533874152838,0.8734835182206004
heat_1d,5,1.0155491118739266,1.015561551940137,1.0154809466962367
heat_1d,6,1.1409378315058885,1.140955017593953,1.1408653212784412
heat_1d,7,1.2479293069404362,1.2479445795661737,1.2478476143011585
heat_1d,8,1.3351319520117146,1.335152145842662,1.3350498701918476
heat_1d,9,1.4016244126747266,1.401641521502558,1.4015359867219683
heat_1d,10,1.446917374286148,1.4469393217566373,1.446832625983907
heat_1d,11,1.471027624831696,1.4710455465303915,1.470939787977664
heat_1d,12,1.474411156489837,1.4744335802038244,1.4743308106108526
heat_1d,13,1.4580218779353038,1.458039615753397,1.4579417961120127
heat_1d,14,1.4232200439499396,1.4232417364986576,1.4231507000536858
heat_1d,15,1.37181248733421,1.3718291121326662,1.3717465501019273
heat_1d,16,1.3059422031149754,1.3059619662504922,1.305889482094527
heat_1d,17,1.2281089519693968,1.22812313934474,1.2280624861759104
heat_1d,18,1.141047003074497,1.1410622248474398,1.1410159409003284
heat_1d,19,1.047726959881565,1.0477335058985247,1.0477061743198202
burgers_1d,0,0.3926320589704764,0.3926235904673572,0.39258620441311826
burgers_1d,1,0.43444479543889336,0.4344347391867802,0.4343806630165873
burgers_1d,2,0.47467560032069195,0.4746701154319924,0.4746093162938246
burgers_1d,3,0.5126021199559833,0.5125957935090314,0.5125330822318206
burgers_1d,4,0.5475300693483379,0.5475258682808091,0.5474643661920123
burgers_1d,5,0.5788466084032654,0.578840006975645,0.5787824206382939
burgers_1d,6,0.6060028114927023,0.6059983190396239,0.6059472116112175
burgers_1d,7,0.6285609749107972,0.6285537388785363,0.6285114821942693
burgers_1d,8,0.646166889834601,0.6461620910617512,0.646130743494314
burgers_1d,9,0.6585974784968649,0.6585897875309151,0.6585709699542166
burgers_1d,10,0.6657240033670987,0.6657190339098249,0.6657138270970737
burgers_1d,11,0.6675583476744543,0.6675504403250229,0.6675593149228853
burgers_1d,12,0.664207969406025,0.664202981872965,0.664225767908555
burgers_1d,13,0.6559191856704361,0.6559113119957671,0.6559472116112175
burgers_1d,14,0.6430253460878281,0.6430204915633436,0.6430681349240082
burgers_1d,15,0.6259858581537308,0.6259782559614129,0.626035794763441
burgers_1d,16,0.6053295973130504,0.605325011082478,0.6053902250889635
burgers_1d,17,0.5816890235282128,0.5816819049558755,0.5817521734366817
burgers_1d,18,0.5557421416359887,0.5557380150299932,0.5558092344451586
burgers_1d,19,0.5282464800480374,0.5282406194822606,0.5283004901274041
poisson_2d,0,0.36216826967656635,0.36216936947963974,0.36216936947963957
poisson_2d,1,-0.021258319732984365,-0.021260278570548557,-0.02126027857054866
poisson_2d,2,0.6045705870975634,0.6045723186029694,0.6045723186029692
poisson_2d,3,-0.22275170237984598,-0.22275413678478703,-0.22275413678478725
poisson_2d,4,0.8090428074124161,0.8090437848355191,0.8090437848355188
poisson_2d,5,-0.38631454759550693,-0.38631651210824547,-0.38631651210824586
poisson_2d,6,0.9604895722526451,0.9604916887994147,0.9604916887994142
poisson_2d,7,-0.4968528474814006,-0.49685532516304964,-0.4968553251630502
poisson_2d,8,1.0481166569696023,1.0481196047885217,1.048119604788521
poisson_2d,9,-0.5435715452113272,-0.5435741502430655,-0.5435741502430661
poisson_2d,10,1.0662988370852482,1.06630142297034,1.0663014229703394
poisson_2d,11,-0.5208450889489245,-0.5208468775157932,-0.5208468775157935
poisson_2d,12,1.0150360331175334,1.0150371433448693,1.0150371433448688
poisson_2d,13,-0.4286745898338014,-0.42867350698123186,-0.4286735069812322
poisson_2d,14,0.8999512084070752,0.8999528757446101,0.8999528757446097
poisson_2d,15,-0.27268234191266055,-0.2726801484718818,-0.27268014847188216
poisson_2d,16,0.7318432490510965,0.7318450458756968,0.7318450458756964
poisson_2d,17,-0.06366551789711496,-0.06366322769387782,-0.06366322769387806
poisson_2d,18,0.5258045181722539,0.5258057331160033,0.5258057331160032
poisson_2d,19,0.18328364811017858,0.183285175974906,0.1832851759749059
helmholtz_2d,0,0.7543063442265143,0.754304506212785,0.7543045062127849
helmholtz_2d,1,0.7709731253405203,0.7709711728794517,0.7709711728794516
helmholtz_2d,2,0.39461170956565644,0.3946084392215615,0.39460843922156136
helmholtz_2d,3,0.4112784855373062,0.4112751058882283,0.4112751058882281
helmholtz_2d,4,-0.07930426034464745,-0.07930887134074448,-0.0793088713407448
helmholtz_2d,5,-0.0626375520966845,-0.06264220467407776,-0.06264220467407813
helmholtz_2d,6,-0.5140897745124718,-0.5140957285072357,-0.5140957285072362
helmholtz_2d,7,-0.49742310980340726,-0.4974290618405691,-0.49742906184056956
helmholtz_2d,8,-0.7688181627768671,-0.7688240777816142,-0.7688240777816147
helmholtz_2d,9,-0.7521515413677092,-0.7521574111149477,-0.7521574111149482
helmholtz_2d,10,-0.759728338936434,-0.7597331686907052,-0.7597331686907056
helmholtz_2d,11,-0.7430617292015912,-0.7430665020240387,-0.7430665020240391
helmholtz_2d,12,-0.4868188073410796,-0.4868230012345089,-0.4868230012345092
helmholtz_2d,13,-0.4701521844625659,-0.47015633456784206,-0.47015633456784256
helmholtz_2d,14,-0.033851541408293405,-0.03385432588619918,-0.03385432588619951
helmholtz_2d,15,-0.01718489747572758,-0.0171876592195323,-0.017187659219532865
helmholtz_2d,16,0.4582462473874196,0.4582448028579256,0.45824480285792535
helmholtz_2d,17,0.4749128951201614,0.4749114695245926,0.47491146952459207
helmholtz_2d,18,0.8361232964100889,0.836122688030967,0.8361226880309668
helmholtz_2d,19,0.8527899405847341,0.8527893546976338,0.8527893546976335
klein_gordon_1d,0,0.15799012911785934,0.1579864602750542,0.15799360055381254
klein_gordon_1d,1,-0.022760410240877174,-0.02271548198496852,-0.022885217076601908
klein_gordon_1d,2,0.3126605608709835,0.3126557268707247,0.3126698632320474
klein_gordon_1d,3,-0.04493855414904392,-0.04495423977315722,-0.04528992103664141
klein_gordon_1d,4,0.4607712782637765,0.4607647067329281,0.4607855540055316
klein_gordon_1d,5,-0.06625173639045565,-0.06625019839859968,-0.0667443326325561
klein_gordon_1d,6,0.5992253581058421,0.5992168527726587,0.5992439911804252
klein_gordon_1d,7,-0.08616376869370651,-0.08615834347067623,-0.08679990057788718
klein_gordon_1d,8,0.7251416267208431,0.7251313356110674,0.7251642201501499
klein_gordon_1d,9,-0.10427140552539421,-0.10426466206025516,-0.10503932144181045
klein_gordon_1d,10,0.8359192599069584,0.8359073965473577,0.8359453691606658
klein_gordon_1d,11,-0.12020316022383415,-0.12019539106442957,-0.1210858615182076
klein_gordon_1d,12,0.929295632970855,0.929282444210538,0.9293247484876441
klein_gordon_1d,13,-0.13363398946183916,-0.1336253664565015,-0.1346117724341272
klein_gordon_1d,14,1.0033968378062366,1.0033825971118282,1.0034283951859286
klein_gordon_1d,15,-0.14429457859081232,-0.14428528691320516,-0.14534561250684863
klein_gordon_1d,16,1.0567795417446064,1.0567645430606236,1.0568129343250983
klein_gordon_1d,17,-0.1519774909777695,-0.15196772956104546,-0.15307831030253014
klein_gordon_1d,18,1.0884632291917633,1.0884477803738348,1.088497821600308
klein_gordon_1d,19,-0.15654180627034342,-0.1565317834607178,-0.15766783494656061
klein_gordon_1d,20,1.0979521047253802,1.0979365206632516,1.0979872470717582
klein_gordon_1d,21,-0.1579162684203606,-0.15790619732455008,-0.15904236885859974
klein_gordon_1d,22,1.0852461683454588,1.0852307639288723,1.0852812107394494
klein_gordon_1d,23,-0.1561008774278984,-0.15609097115248424,-0.15720191203864745
klein_gordon_1d,24,1.050841215474324,1.0508262985589085,1.0508755225431805
klein_gordon_1d,25,-0.1511668893410224,-0.1511573562322713,-0.1522182820670442
klein_gordon_1d,26,0.9957177617061705,0.9957036262364508,0.9957507267877969
klein_gordon_1d,27,-0.14325522451359562,-0.14324626350309944,-0.14423350981840102
klein_gordon_1d,28,0.921319139708977,0.921306059152152,0.9213501984037193
klein_gordon_1d,29,-0.1325733196697162,-0.1325651158286332,-0.13345666672655968
klein_gordon_1d,30,0.829519257560497,0.8295074787984077,0.8295479003361046
klein_gordon_1d,31,-0.11939049361898077,-0.11938321388522988,-0.1201591944742408
klein_gordon_1d,32,0.722580738894308,0.7225704767524508,0.7226065223092805
klein_gordon_1d,33,-0.10403190791601517,-0.10402569081434458,-0.10466884143439574
klein_gordon_1d,34,0.6031043856990008,0.6030958198617427,0.6031269360772875
klein_gordon_1d,35,-0.08687059501114536,-0.08686534706095088,-0.08736234131314286
klein_gordon_1d,36,0.47397122297594635,0.4739645343006555,0.473990096246704
klein_gordon_1d,37,-0.06830767141211956,-0.0682998004207246,-0.0686569975413064
klein_gordon_1d,38,0.3382796528517094,0.33827545505124357,0.3382926845113702
klein_gordon_1d,39,-0.04870942645470185,-0.04867559675861641,-0.04900136140534516
