pde,component_index,single_grid,dense_numerical
heat_1d,0,0.19081450872783098,0.18708522735352695
heat_1d,1,0.377225006923782,0.37100315788273636
heat_1d,2,0.5591831039711704,0.5486572469405654
heat_1d,3,0.7292564545836804,0.7170908737477331
heat_1d,4,0.8900429662326061,0.8735533874152838
heat_1d,5,1.0329309658415118,1.015561551940137
heat_1d,6,1.1623655518926936,1.140955017593953
heat_1d,7,1.2694102677321923,1.2479445795661737
heat_1d,8,1.3601275043276138,1.335152145842662
heat_1d,9,1.4258607864475574,1.401641521502558
heat_1d,10,1.4739539940339081,1.4469393217566373
heat_1d,11,1.4965715680627352,1.4710455465303915
heat_1d,12,1.5019324239056402,1.4744335802038244
heat_1d,13,1.483449021819729,1.458039615753397
heat_1d,14,1.4497667374876408,1.4232417364986576
heat_1d,15,1.395798906929066,1.3718291121326662
heat_1d,16,1.3300941360291139,1.3059619662504922
heat_1d,17,1.2489255935432326,1.22812313934474
heat_1d,18,1.1597440772609944,1.1410622248474398
heat_1d,19,1.0589991169760957,1.0477335058985247
burgers_1d,0,0.3917457885414442,0.3926235904673572
burgers_1d,1,0.43257775505235757,0.4344347391867802
burgers_1d,2,0.46952343139586605,0.4746701154319924
burgers_1d,3,0.5088481090822615,0.5125957935090314
burgers_1d,4,0.5411069733271796,0.5475258682808091
burgers_1d,5,0.5744419583203123,0.578840006975645
burgers_1d,6,0.5988275029670914,0.6059983190396239
burgers_1d,7,0.6237058697101856,0.6285537388785363
burgers_1d,8,0.6384604160953588,0.6461620910617512
burgers_1d,9,0.6534321861673091,0.6585897875309151
burgers_1d,10,0.6577226665391035,0.6657190339098249
burgers_1d,11,0.6622418374994707,0.6675504403250229
burgers_1d,12,0.6561644641051085,0.664202981872965
burgers_1d,13,0.6506203171471594,0.6559113119957671
burgers_1d,14,0.6351873765018027,0.6430204915633436
burgers_1d,15,0.6208680077289863,0.6259782559614129
burgers_1d,16,0.5979189791367929,0.605325011082478
burgers_1d,17,0.5769186710179756,0.5816819049558755
burgers_1d,18,0.5491219794581693,0.5557380150299932
burgers_1d,19,0.5251214283975568,0.5282406194822606
poisson_2d,0,0.3616133237462238,0.36216936947963974
poisson_2d,1,-0.020811923101145508,-0.021260278570548557
poisson_2d,2,0.6040650964579607,0.6045723186029694
poisson_2d,3,-0.22252553147177861,-0.22275413678478703
poisson_2d,4,0.8087985520552913,0.8090437848355191
poisson_2d,5,-0.3859773548352917,-0.38631651210824547
poisson_2d,6,0.9608343658433687,0.9604916887994147
poisson_2d,7,-0.49580183019130986,-0.49685532516304964
poisson_2d,8,1.0492037995832406,1.0481196047885217
poisson_2d,9,-0.5425489589355735,-0.5435741502430655
poisson_2d,10,1.0674555359338738,1.06630142297034
poisson_2d,11,-0.5197742073157674,-0.5208468775157932
poisson_2d,12,1.01563485227013,1.0150371433448693
poisson_2d,13,-0.4271806693849053,-0.42867350698123186
poisson_2d,14,0.9013161475112905,0.8999528757446101
poisson_2d,15,-0.27173058067935096,-0.2726801484718818
poisson_2d,16,0.7329942482881034,0.7318450458756968
poisson_2d,17,-0.06280858743591423,-0.06366322769387782
poisson_2d,18,0.5262444900819334,0.5258057331160033
poisson_2d,19,0.18357380495420308,0.183285175974906
helmholtz_2d,0,0.7574599249391238,0.754304506212785
helmholtz_2d,1,0.7741567853898439,0.7709711728794517
helmholtz_2d,2,0.3978192456151776,0.3946084392215615
helmholtz_2d,3,0.414536782291082,0.4112751058882283
helmholtz_2d,4,-0.07650420576255004,-0.07930887134074448
helmholtz_2d,5,-0.059770574790537934,-0.06264220467407776
helmholtz_2d,6,-0.5117129626628415,-0.5140957285072357
helmholtz_2d,7,-0.49497981424795706,-0.4974290618405691
helmholtz_2d,8,-0.7670498311322808,-0.7688240777816142
helmholtz_2d,9,-0.7503340952230989,-0.7521574111149477
helmholtz_2d,10,-0.7588396100445547,-0.7597331686907052
helmholtz_2d,11,-0.7421572778827806,-0.7430665020240387
helmholtz_2d,12,-0.48586298331612143,-0.4868230012345089
helmholtz_2d,13,-0.4692064930056465,-0.47015633456784206
helmholtz_2d,14,-0.032814331796667214,-0.03385432588619918
helmholtz_2d,15,-0.016163636726774365,-0.0171876592195323
helmholtz_2d,16,0.45934288124342615,0.4582448028579256
helmholtz_2d,17,0.4759840874245312,0.4749114695245926
helmholtz_2d,18,0.8368968444072511,0.836122688030967
helmholtz_2d,19,0.8535431211573368,0.8527893546976338
klein_gordon_1d,0,0.15852377520059566,0.1579864602750542
klein_gordon_1d,1,-0.024315761258083997,-0.02271548198496852
klein_gordon_1d,2,0.31363849976294433,0.3126557268707247
klein_gordon_1d,3,-0.05043266551838019,-0.04495423977315722
klein_gordon_1d,4,0.4622054135994398,0.4607647067329281
klein_gordon_1d,5,-0.07484717683790779,-0.06625019839859968
klein_gordon_1d,6,0.6010901224717997,0.5992168527726587
klein_gordon_1d,7,-0.09737570226812921,-0.08615834347067623
klein_gordon_1d,8,0.7273982552888639,0.7251313356110674
klein_gordon_1d,9,-0.11783907641667775,-0.10426466206025516
klein_gordon_1d,10,0.8385206660537581,0.8359073965473577
klein_gordon_1d,11,-0.13584135164694916,-0.12019539106442957
klein_gordon_1d,12,0.9321876845287003,0.929282444210538
klein_gordon_1d,13,-0.1510159762228641,-0.1336253664565015
klein_gordon_1d,14,1.0065195730690073,1.0033825971118282
klein_gordon_1d,15,-0.16305847695400774,-0.14428528691320516
klein_gordon_1d,16,1.060068509046473,1.0567645430606236
klein_gordon_1d,17,-0.1717343196158775,-0.15196772956104546
klein_gordon_1d,18,1.0918509266527836,1.0884477803738348
klein_gordon_1d,19,-0.17688417508429033,-0.1565317834607178
klein_gordon_1d,20,1.1013694881319736,1.0979365206632516
klein_gordon_1d,21,-0.178427478956328,-0.15790619732455008
klein_gordon_1d,22,1.0886241934840395,1.0852307639288723
klein_gordon_1d,23,-0.17636423123191136,-0.15609097115248424
klein_gordon_1d,24,1.05411238046495,1.0508262985589085
klein_gordon_1d,25,-0.17077499631419307,-0.1511573562322713
klein_gordon_1d,26,0.9988176148829717,0.9957036262364508
klein_gordon_1d,27,-0.16181910333811947,-0.14324626350309944
klein_gordon_1d,28,0.9241877193619173,0.921306059152152
klein_gordon_1d,29,-0.14973108741925997,-0.1325651158286332
klein_gordon_1d,30,0.8321024312295418,0.8295074787984077
klein_gordon_1d,31,-0.13481547722023882,-0.11938321388522988
klein_gordon_1d,32,0.7248314038411452,0.7225704767524508
klein_gordon_1d,33,-0.11744127591737775,-0.10402569081434458
klein_gordon_1d,34,0.6049831717116332,0.6030958198617427
klein_gordon_1d,35,-0.0980734873105763,-0.08686534706095088
klein_gordon_1d,36,0.47543894968351036,0.4739645343006555
klein_gordon_1d,37,-0.07790974282191702,-0.0682998004207246
klein_gordon_1d,38,0.3392044541354178,0.33827545505124357
klein_gordon_1d,39,-0.06176245181827907,-0.04867559675861641
