unique_id,representative_qci_id,reconstructed_file_sha256,filename
UQCI-001,QCI-001,bddb5d1dbd6ec5c7fbc40553cd54afe6bc70cbf3246ffe14c37e4365ea807101,RECONSTRUCTED_QCI-001_heat1d_N20_block01_col0_normalized_terms.csv
UQCI-002,QCI-002,6df75b0a5e8247b91fa6fafb5396cd2afe72f537ffcbcec7dfda35273b4cf4b1,RECONSTRUCTED_QCI-002_heat1d_N20_block01_col1_normalized_terms.csv
UQCI-003,QCI-003,5ce7a81546bbfa7692d2b3cbb2104d825904d4d89c78ce5d29ae986879b3f5cf,RECONSTRUCTED_QCI-003_heat1d_N20_block02_col0_normalized_terms.csv
UQCI-004,QCI-004,3f455f88eedf2576b9dbbc372bb301171682576978fe9c859b2ccff46128dc13,RECONSTRUCTED_QCI-004_heat1d_N20_block02_col1_normalized_terms.csv
UQCI-005,QCI-005,a3da5a795e75acc50178aab5025aa3cb42de3eb3668c93972f81bc7211027fbb,RECONSTRUCTED_QCI-005_heat1d_N20_block03_col0_normalized_terms.csv
UQCI-006,QCI-006,65403b45e0e7739b40bcce2d6225330ad5b88e5a02d96001e99e9bf614f0e74d,RECONSTRUCTED_QCI-006_heat1d_N20_block03_col1_normalized_terms.csv
UQCI-007,QCI-007,cbb0348d21678eacfaa065bf3984ec7433c80361eeda0e96570b0ea52489dc6c,RECONSTRUCTED_QCI-007_heat1d_N20_block04_col0_normalized_terms.csv
UQCI-008,QCI-008,092246027b25a2a8641bad29c622f4ba640c52c4d2c45fd06fd9497c8f192046,RECONSTRUCTED_QCI-008_heat1d_N20_block04_col1_normalized_terms.csv
UQCI-009,QCI-021,95acfcf74ae6d566b168f9fefa5691503d06d991c1992d77c1cff6e15f3e2ebf,RECONSTRUCTED_QCI-021_poisson2d_10x2_block01_col0_normalized_terms.csv
UQCI-010,QCI-022,4cbbed3bda78320829a10030e7611cc5ef0eb4d3971eaf2abd781a15f9705e98,RECONSTRUCTED_QCI-022_poisson2d_10x2_block01_col1_normalized_terms.csv
UQCI-011,QCI-023,771bc9dce8abc6663c1033fd70302e79c6d335efd5e8246ba3006997df54a0e1,RECONSTRUCTED_QCI-023_poisson2d_10x2_block02_col0_normalized_terms.csv
UQCI-012,QCI-024,971e92f064c01f27f76a4b947fa25fbb0bcc6fcb3b7c0c2c2c043bf116b35b67,RECONSTRUCTED_QCI-024_poisson2d_10x2_block02_col1_normalized_terms.csv
UQCI-013,QCI-025,a2be3f5b05d5c7e50275f4e1d35fda0c8d6739310156894d635b0d9fe914359a,RECONSTRUCTED_QCI-025_poisson2d_10x2_block03_col0_normalized_terms.csv
UQCI-014,QCI-026,84eca945f32fa29547512d7821a85a84f670cb43410080699999ac195c98586b,RECONSTRUCTED_QCI-026_poisson2d_10x2_block03_col1_normalized_terms.csv
UQCI-015,QCI-027,dff3550e8a64a5c9accfab32ca1961da8c39db11364139d41d1f5d1f504cec66,RECONSTRUCTED_QCI-027_poisson2d_10x2_block04_col0_normalized_terms.csv
UQCI-016,QCI-028,47a96967f865952c6d20494bd6a24b1f30a7de071ac4188c8551db637ef15301,RECONSTRUCTED_QCI-028_poisson2d_10x2_block04_col1_normalized_terms.csv
UQCI-017,QCI-029,de1597526afda1b0b95c9b72350376c0df6703166fbd40133aa56889a80aa00e,RECONSTRUCTED_QCI-029_poisson2d_10x2_block05_col0_normalized_terms.csv
UQCI-018,QCI-030,57dc56135d413c77ada8b4e276cb52a124a453f45443812a1861a8bba14aac62,RECONSTRUCTED_QCI-030_poisson2d_10x2_block05_col1_normalized_terms.csv
UQCI-019,QCI-031,6c947b1700e7d5d2077e7231665e2aea1e86be6b018b142e8117057cade2dd54,RECONSTRUCTED_QCI-031_poisson2d_10x2_block06_col0_normalized_terms.csv
UQCI-020,QCI-032,c499c72c5661cd4f54597b73ebf55ff558abb3674b5ea0072641f2ac35823cf7,RECONSTRUCTED_QCI-032_poisson2d_10x2_block06_col1_normalized_terms.csv
UQCI-021,QCI-033,d992fd7d031ffebb36381336ea068e4a041b737ba6fd29cac1641be33a92999a,RECONSTRUCTED_QCI-033_poisson2d_10x2_block07_col0_normalized_terms.csv
UQCI-022,QCI-034,5b33f4109faa25e4a7c17f31f8645f478666bf3ee69e9aa0d18565a9df879b7c,RECONSTRUCTED_QCI-034_poisson2d_10x2_block07_col1_normalized_terms.csv
UQCI-023,QCI-035,e18bec166449fb4e67800c7976562ef4856ea905e7c3de9c28b698bd69a0bc91,RECONSTRUCTED_QCI-035_poisson2d_10x2_block08_col0_normalized_terms.csv
UQCI-024,QCI-036,de48ce4acc8fadb28fe4466afa0dda0120853ad68e67acc06a273b1456a035eb,RECONSTRUCTED_QCI-036_poisson2d_10x2_block08_col1_normalized_terms.csv
UQCI-025,QCI-037,50ef90de87954da52d469e58d665c2a8bbe5f849816598f471dcb49a0848072c,RECONSTRUCTED_QCI-037_poisson2d_10x2_block09_col0_normalized_terms.csv
UQCI-026,QCI-038,b8c3b78c3bb0a6de6a0ae204b01ee598865f125ca0cc63a2547d7f3d3e61313b,RECONSTRUCTED_QCI-038_poisson2d_10x2_block09_col1_normalized_terms.csv
UQCI-027,QCI-039,bddfa8c2a078c4b988f11c17fdb0485c91835863067f7d566797f3de9d781dff,RECONSTRUCTED_QCI-039_poisson2d_10x2_block10_col0_normalized_terms.csv
UQCI-028,QCI-040,529b7a04447e9d3fb932435b94680b1271092113ced8319208b4be0201cc71aa,RECONSTRUCTED_QCI-040_poisson2d_10x2_block10_col1_normalized_terms.csv
UQCI-029,QCI-041,51f13e865c9da1453264b81ab5ed6053fb4559562f9e973c7609c51f1d0b9266,RECONSTRUCTED_QCI-041_kg1d_Nspace10_state20_block01_col0_normalized_terms.csv
UQCI-030,QCI-042,e755b9e9d7dc30a879de9d7974303eb94a558cf891892d840f69733cdef166f3,RECONSTRUCTED_QCI-042_kg1d_Nspace10_state20_block01_col1_normalized_terms.csv
UQCI-031,QCI-043,bc5b69a65545e8eff9e6504c0e59a36ab90fc065f1183c279dbafbb2f8ab2a01,RECONSTRUCTED_QCI-043_kg1d_Nspace10_state20_block02_col0_normalized_terms.csv
UQCI-032,QCI-044,0f1342f3c2697993f47041088eae6559f5724a8253c46183767f9bfe9f8b0e71,RECONSTRUCTED_QCI-044_kg1d_Nspace10_state20_block02_col1_normalized_terms.csv
UQCI-033,QCI-045,3436bbe414102a8e5aec98b2b2fea34efe967dd6defd7b01f16993294df34c5e,RECONSTRUCTED_QCI-045_kg1d_Nspace10_state20_block03_col0_normalized_terms.csv
UQCI-034,QCI-046,d1aed332e9dc1e404612fc88b80856f34503e0df336e0f6c295e71f687a1c30e,RECONSTRUCTED_QCI-046_kg1d_Nspace10_state20_block03_col1_normalized_terms.csv
