space_index,u_dense_ground_truth,u_qci_quantum,u_abs_error,v_dense_ground_truth,v_qci_quantum,v_abs_error
1,0.2817280882768688,0.2818098780763333,8.17897994645489e-05,-0.0044685645609014,-0.0044624082709512,6.156289950221168e-06
2,0.5406322423430009,0.5407891847643481,0.0001569424213472,-0.0085751125966553,-0.0087229858302702,0.0001478732336148
3,0.7557375873982503,0.7559569736592934,0.0002193862610431,-0.0119869560079865,-0.0119862665304697,6.894775167638756e-07
4,0.9096175676669856,0.9098816243984188,0.000264056731433,-0.0144276875327229,-0.0144268576669566,8.298657663049352e-07
5,0.9898057423073144,0.9900930772031626,0.0002873348958483,-0.0156995736183198,-0.0156986705949724,9.030233474351112e-07
6,0.9898057423073144,0.9900930772031628,0.0002873348958483,-0.0156995736183198,-0.0156986705949724,9.030233473796e-07
7,0.9096175676669858,0.9098816243984188,0.000264056731433,-0.014427687532723,-0.0144268576669567,8.298657662546283e-07
8,0.7557375873982503,0.7559569736592933,0.000219386261043,-0.0119869560079865,-0.0119862665305904,6.894773961537565e-07
9,0.5406322423430008,0.5407891847635243,0.0001569424205235,-0.0085751125966552,-0.0085746193649873,4.932316679043258e-07
10,0.2817280882768692,0.281809872315335,8.178403846581528e-05,-0.0044685645609015,-0.0044683075336583,2.570272432762463e-07
