x_index,slice,dense,hardware,abs_error
1,1,0.0129761973704947,0.0129838596998374,7.66232934269577e-06
2,1,0.0249011404024492,0.0249154973130295,1.4356910580336918e-05
3,1,0.0348087411317814,0.0347899518135418,1.878931823964813e-05
4,1,0.0418963446701713,0.0418762297414331,2.011492873819215e-05
5,1,0.0455897555305396,0.0455623117125502,2.7443817989442065e-05
6,1,0.0455897555305396,0.0454758336614924,0.0001139218690472
7,1,0.0418963446701713,0.0418523244540369,4.402021613437307e-05
8,1,0.0348087411317814,0.0347424960778403,6.624505394109415e-05
9,1,0.0249011404024492,0.0248476576867191,5.348271573006949e-05
10,1,0.0129761973704947,0.0129617338741398,1.446349635491305e-05
1,2,0.0129761973704947,0.0129764486883944,2.513178996924048e-07
2,2,0.0249011404024492,0.0248989925811512,2.147821297954211e-06
3,2,0.0348087411317814,0.0348438676582741,3.512652649270698e-05
4,2,0.0418963446701713,0.0418727512781651,2.3593392006124317e-05
5,2,0.0455897555305396,0.0454394124452651,0.0001503430852745
6,2,0.0455897555305396,0.045493352418024,9.640311251561672e-05
7,2,0.0418963446701713,0.0417917014143127,0.0001046432558585
8,2,0.0348087411317814,0.0347443323474825,6.440878429891245e-05
9,2,0.0249011404024492,0.0247849065180352,0.0001162338844139
10,2,0.0129761973704947,0.0129114933836519,6.470398684278386e-05
