idx,pde_name,pde_code,normalized_objective_gap,local_inverse_residual_dirac,residual_ratio,exact_ground_state_match
1,Heat 1D,1,0.0,0.0002576019542738,1.0,True
2,Heat 1D,1,3.7336809495493413e-07,0.0006631190218642,2.5742002762888503,False
3,Heat 1D,1,0.0,0.0002986010743928,1.0,True
4,Heat 1D,1,1.0309453116630306e-06,0.0010393643758106,4.679493692508129,False
5,Heat 1D,1,0.0,0.0002986001673619,1.0,True
6,Heat 1D,1,0.0,0.0002221103923136,1.0,True
7,Heat 1D,1,1.3862170814458898e-07,0.0004772669648925,1.5983479483988856,False
8,Heat 1D,1,3.461107098013656e-07,0.0006288431593859,2.83121898455814,False
9,Heat 1D,1,1.3862170814458898e-07,0.0004772669648925,1.5983479483988856,False
10,Heat 1D,1,3.461107098013656e-07,0.0006288431593859,2.83121898455814,False
11,Heat 1D,1,1.3862170814458898e-07,0.0004772669648925,1.5983479483988856,False
12,Heat 1D,1,3.461107098013656e-07,0.0006288431593859,2.83121898455814,False
13,Heat 1D,1,1.3862170814458898e-07,0.0004772669648925,1.5983479483988856,False
14,Heat 1D,1,3.461107098013656e-07,0.0006288431593859,2.83121898455814,False
15,Heat 1D,1,1.3862170814458898e-07,0.0004772669648925,1.5983479483988856,False
16,Heat 1D,1,3.461107098013656e-07,0.0006288431593859,2.83121898455814,False
17,Heat 1D,1,1.3862170814458898e-07,0.0004772669648925,1.5983479483988856,False
18,Heat 1D,1,3.461107098013656e-07,0.0006288431593859,2.83121898455814,False
19,Heat 1D,1,1.3862170814458898e-07,0.0004772669648925,1.5983479483988856,False
20,Heat 1D,1,3.461107098013656e-07,0.0006288431593859,2.83121898455814,False
21,Poisson 2D,2,0.0,0.0012441881491119,1.0,True
22,Poisson 2D,2,0.0,0.0012441881491118,1.0,True
23,Poisson 2D,2,0.0,0.0007231244932332,1.0,True
24,Poisson 2D,2,3.2653375885302675e-06,0.0019463414175685,2.6915716944760057,False
25,Poisson 2D,2,0.0,0.0010768429890416,1.0,True
26,Poisson 2D,2,6.116013417795746e-07,0.0013308611706965,1.2358915684460252,False
27,Poisson 2D,2,0.0,0.0003509645615545,1.0,True
28,Poisson 2D,2,2.460741167089453e-06,0.0016074566831343,4.5801110972975145,False
29,Poisson 2D,2,0.0,0.0008309026903017,1.0,True
30,Poisson 2D,2,8.136970114863337e-06,0.0029710879789302,3.575735177666336,False
31,Poisson 2D,2,2.606760466022005e-07,0.0010528304891918,1.1434517408052634,False
32,Poisson 2D,2,1.1128084597226477e-06,0.001400208459286,1.5207298959299913,False
33,Poisson 2D,2,1.98002839119849e-06,0.0015751310486182,2.225324312046036,False
34,Poisson 2D,2,3.549606267409106e-06,0.0020126139492037,2.843394367633548,False
35,Poisson 2D,2,0.0,0.0008391147988139,1.0,True
36,Poisson 2D,2,2.1544594074045744e-06,0.0016907310657169,2.014898400203537,False
37,Poisson 2D,2,5.351172844686205e-06,0.0024733893793019,2.825142112353184,False
38,Poisson 2D,2,0.0,0.0008754920216178,1.0,True
39,Poisson 2D,2,1.0321335986047711e-05,0.0032398380136863,7.739915077343014,False
40,Poisson 2D,2,3.547505684012649e-06,0.0019294354718671,4.60938683859464,False
41,Klein-Gordon 1D,3,0.0,0.0003019267553977,1.0,True
42,Klein-Gordon 1D,3,0.0,0.0002908092815287,1.0,True
43,Klein-Gordon 1D,3,0.0,0.0003065554407961,1.0,True
44,Klein-Gordon 1D,3,3.875311773082298e-07,0.0006870873690201,2.362842934041029,False
45,Klein-Gordon 1D,3,0.0,0.0003065554409106,1.0,True
46,Klein-Gordon 1D,3,0.0,0.0002907884223366,1.0,True
47,Klein-Gordon 1D,3,0.0,0.0003065554409106,1.0,True
48,Klein-Gordon 1D,3,0.0,0.0002907884223366,1.0,True
49,Klein-Gordon 1D,3,0.0,0.0003065554409106,1.0,True
50,Klein-Gordon 1D,3,0.0,0.0002907884223366,1.0,True
51,Klein-Gordon 1D,3,0.0,0.0003065554409106,1.0,True
52,Klein-Gordon 1D,3,0.0,0.0002907884223366,1.0,True
53,Klein-Gordon 1D,3,0.0,0.0003065554409106,1.0,True
54,Klein-Gordon 1D,3,0.0,0.0002907884223366,1.0,True
55,Klein-Gordon 1D,3,0.0,0.0003065554409106,1.0,True
56,Klein-Gordon 1D,3,0.0,0.0002907884223366,1.0,True
57,Klein-Gordon 1D,3,0.0,0.0003065554409106,1.0,True
58,Klein-Gordon 1D,3,0.0,0.0002907884223366,1.0,True
59,Klein-Gordon 1D,3,0.0,0.0003065554409106,1.0,True
60,Klein-Gordon 1D,3,0.0,0.0002907884223366,1.0,True
