qci_id,unique_id,pde_name,block,column,B,M,K,logical_qubo_variables,qubo_terms,qubo_density,hw_relaxation_schedule,hw_num_samples,hw_device_usage_s,hw_job_id,hw_status,dirac_objective,exact_ground_objective,absolute_objective_gap,normalized_objective_gap,exact_ground_state_match,local_inverse_residual_exact,local_inverse_residual_dirac,residual_ratio,dy_norm,dirac_bitstring,exact_bitstring
QCI-001,UQCI-001,Heat 1D,1,0,2,1,10,24,300,1.0,1,20,8,6a8cda0508442f441bbb6a3c,COMPLETED,-0.2368815717182417,-0.2368815717182417,0.0,0.0,True,0.0002576019542738,0.0002576019542738,1.0,0.0,011000111100000000110101,011000111100000000110101
QCI-002,UQCI-002,Heat 1D,1,1,2,1,10,24,300,1.0,1,20,8,6a8cda1508442f441bbb6a3d,COMPLETED,-0.2368814832742205,-0.2368815717182417,8.84440211623705e-08,3.7336809495493413e-07,False,0.0002576019542738,0.0006631190218642,2.5742002762888503,0.0008286407592029,000000110100011000111011,000000110101011000111100
QCI-003,UQCI-003,Heat 1D,2,0,2,1,10,24,300,1.0,1,20,8,6a8cd84708442f441bbb6a3a,COMPLETED,-0.237240108118014,-0.237240108118014,0.0,0.0,True,0.0002986010743928,0.0002986010743928,1.0,0.0,011000111110000000110101,011000111110000000110101
QCI-004,UQCI-004,Heat 1D,2,1,2,1,10,24,300,1.0,1,20,8,6a8cda2508442f441bbb6a3e,COMPLETED,-0.2368813315393719,-0.2368815757513218,2.4421194994017625e-07,1.0309453116630306e-06,False,0.0002221104341853,0.0010393643758106,4.679493692508129,0.0011718749999999,000000110011011000111100,000000110101011000111100
QCI-005,UQCI-005,Heat 1D,3,0,2,1,10,24,300,1.0,1,20,8,6a8cda3408442f441bbb6a3f,COMPLETED,-0.2372401085429095,-0.2372401085429095,0.0,0.0,True,0.0002986001673619,0.0002986001673619,1.0,0.0,011000111110000000110101,011000111110000000110101
QCI-006,UQCI-006,Heat 1D,3,1,2,1,10,24,300,1.0,1,20,8,6a8cda4408442f441bbb6a40,COMPLETED,-0.2368815757513263,-0.2368815757513263,0.0,0.0,True,0.0002221103923136,0.0002221103923136,1.0,0.0,000000110101011000111100,000000110101011000111100
QCI-007,UQCI-007,Heat 1D,4,0,2,1,10,24,300,1.0,1,20,8,6a8cda5408442f441bbb6a41,COMPLETED,-0.2372400756562809,-0.23724010854291,3.2886629086625874e-08,1.3862170814458896e-07,False,0.0002986001673607,0.0004772669648925,1.5983479483988856,0.0005859375,011000111101000000110101,011000111110000000110101
QCI-008,UQCI-008,Heat 1D,4,1,2,1,10,24,300,1.0,1,20,8,6a8cda6608442f441bbb6a42,COMPLETED,-0.236881493764076,-0.2368815757513263,8.198725032215749e-08,3.461107098013656e-07,False,0.0002221103923136,0.0006288431593859,2.8312189845581397,0.0005859374999999,000000110101011000111011,000000110101011000111100
QCI-009,UQCI-007,Heat 1D,5,0,2,1,10,24,300,1.0,1,20,8,6a8cda5408442f441bbb6a41,COMPLETED,-0.2372400756562809,-0.23724010854291,3.2886629086625874e-08,1.3862170814458896e-07,False,0.0002986001673607,0.0004772669648925,1.5983479483988856,0.0005859375,011000111101000000110101,011000111110000000110101
QCI-010,UQCI-008,Heat 1D,5,1,2,1,10,24,300,1.0,1,20,8,6a8cda6608442f441bbb6a42,COMPLETED,-0.236881493764076,-0.2368815757513263,8.198725032215749e-08,3.461107098013656e-07,False,0.0002221103923136,0.0006288431593859,2.8312189845581397,0.0005859374999999,000000110101011000111011,000000110101011000111100
QCI-011,UQCI-007,Heat 1D,6,0,2,1,10,24,300,1.0,1,20,8,6a8cda5408442f441bbb6a41,COMPLETED,-0.2372400756562809,-0.23724010854291,3.2886629086625874e-08,1.3862170814458896e-07,False,0.0002986001673607,0.0004772669648925,1.5983479483988856,0.0005859375,011000111101000000110101,011000111110000000110101
QCI-012,UQCI-008,Heat 1D,6,1,2,1,10,24,300,1.0,1,20,8,6a8cda6608442f441bbb6a42,COMPLETED,-0.236881493764076,-0.2368815757513263,8.198725032215749e-08,3.461107098013656e-07,False,0.0002221103923136,0.0006288431593859,2.8312189845581397,0.0005859374999999,000000110101011000111011,000000110101011000111100
QCI-013,UQCI-007,Heat 1D,7,0,2,1,10,24,300,1.0,1,20,8,6a8cda5408442f441bbb6a41,COMPLETED,-0.2372400756562809,-0.23724010854291,3.2886629086625874e-08,1.3862170814458896e-07,False,0.0002986001673607,0.0004772669648925,1.5983479483988856,0.0005859375,011000111101000000110101,011000111110000000110101
QCI-014,UQCI-008,Heat 1D,7,1,2,1,10,24,300,1.0,1,20,8,6a8cda6608442f441bbb6a42,COMPLETED,-0.236881493764076,-0.2368815757513263,8.198725032215749e-08,3.461107098013656e-07,False,0.0002221103923136,0.0006288431593859,2.8312189845581397,0.0005859374999999,000000110101011000111011,000000110101011000111100
QCI-015,UQCI-007,Heat 1D,8,0,2,1,10,24,300,1.0,1,20,8,6a8cda5408442f441bbb6a41,COMPLETED,-0.2372400756562809,-0.23724010854291,3.2886629086625874e-08,1.3862170814458896e-07,False,0.0002986001673607,0.0004772669648925,1.5983479483988856,0.0005859375,011000111101000000110101,011000111110000000110101
QCI-016,UQCI-008,Heat 1D,8,1,2,1,10,24,300,1.0,1,20,8,6a8cda6608442f441bbb6a42,COMPLETED,-0.236881493764076,-0.2368815757513263,8.198725032215749e-08,3.461107098013656e-07,False,0.0002221103923136,0.0006288431593859,2.8312189845581397,0.0005859374999999,000000110101011000111011,000000110101011000111100
QCI-017,UQCI-007,Heat 1D,9,0,2,1,10,24,300,1.0,1,20,8,6a8cda5408442f441bbb6a41,COMPLETED,-0.2372400756562809,-0.23724010854291,3.2886629086625874e-08,1.3862170814458896e-07,False,0.0002986001673607,0.0004772669648925,1.5983479483988856,0.0005859375,011000111101000000110101,011000111110000000110101
QCI-018,UQCI-008,Heat 1D,9,1,2,1,10,24,300,1.0,1,20,8,6a8cda6608442f441bbb6a42,COMPLETED,-0.236881493764076,-0.2368815757513263,8.198725032215749e-08,3.461107098013656e-07,False,0.0002221103923136,0.0006288431593859,2.8312189845581397,0.0005859374999999,000000110101011000111011,000000110101011000111100
QCI-019,UQCI-007,Heat 1D,10,0,2,1,10,24,300,1.0,1,20,8,6a8cda5408442f441bbb6a41,COMPLETED,-0.2372400756562809,-0.23724010854291,3.2886629086625874e-08,1.3862170814458896e-07,False,0.0002986001673607,0.0004772669648925,1.5983479483988856,0.0005859375,011000111101000000110101,011000111110000000110101
QCI-020,UQCI-008,Heat 1D,10,1,2,1,10,24,300,1.0,1,20,8,6a8cda6608442f441bbb6a42,COMPLETED,-0.236881493764076,-0.2368815757513263,8.198725032215749e-08,3.461107098013656e-07,False,0.0002221103923136,0.0006288431593859,2.8312189845581397,0.0005859374999999,000000110101011000111011,000000110101011000111100
QCI-021,UQCI-009,Poisson 2D,1,0,2,1,10,24,300,1.0,1,20,8,6a8cda7608442f441bbb6a43,COMPLETED,-0.0266862664786843,-0.0266862664786843,0.0,0.0,True,0.0012441881491119,0.0012441881491119,1.0,0.0,000110001010000000001110,000110001010000000001110
QCI-022,UQCI-010,Poisson 2D,1,1,2,1,10,24,300,1.0,1,20,8,6a8cda8608442f441bbb6a44,COMPLETED,-0.0266862664786843,-0.0266862664786843,0.0,0.0,True,0.0012441881491118,0.0012441881491118,1.0,0.0,000000001110000110001010,000000001110000110001010
QCI-023,UQCI-011,Poisson 2D,2,0,2,1,10,24,300,1.0,1,20,8,6a8cda9508442f441bbb6a45,COMPLETED,-0.0403593376501321,-0.0403593376501321,0.0,0.0,True,0.0007231244932332,0.0007231244932332,1.0,0.0,000111111000000000011011,000111111000000000011011
QCI-024,UQCI-012,Poisson 2D,2,1,2,1,10,24,300,1.0,1,20,8,6a8cdb5008442f441bbb6a46,COMPLETED,-0.0403592058632698,-0.0403593376501321,1.317868622771612e-07,3.2653375885302675e-06,False,0.0007231244932331,0.0019463414175685,2.6915716944760057,9.765625000000009e-06,000000011100000111111000,000000011011000111111000
QCI-025,UQCI-013,Poisson 2D,3,0,2,1,10,24,300,1.0,1,20,8,6a8cdb6008442f441bbb6a47,COMPLETED,-0.0460772576033402,-0.0460772576033402,0.0,0.0,True,0.0010768429890416,0.0010768429890416,1.0,0.0,001000100100000000100110,001000100100000000100110
QCI-026,UQCI-014,Poisson 2D,3,1,2,1,10,24,300,1.0,1,20,8,6a8cdb7008442f441bbb6a48,COMPLETED,-0.0460772294224276,-0.0460772576033402,2.8180912575725973e-08,6.116013417795746e-07,False,0.0010768429890414,0.0013308611706965,1.2358915684460252,9.765625000000009e-06,000000100101001000100100,000000100110001000100100
QCI-027,UQCI-015,Poisson 2D,4,0,2,1,10,24,300,1.0,4,100,152,6a8cd56308442f441bbb6a39,COMPLETED,-0.0486427971659195,-0.0486427971659195,0.0,0.0,True,0.0003509645615545,0.0003509645615545,1.0,0.0,001000110111000000101101,001000110111000000101101
QCI-028,UQCI-016,Poisson 2D,4,1,2,1,10,24,300,1.0,1,20,8,6a8cdb8008442f441bbb6a49,COMPLETED,-0.048642677468586,-0.0486427971659195,1.1969733346856026e-07,2.4607411670894526e-06,False,0.0003509645615545,0.0016074566831343,4.5801110972975145,9.765624999999792e-06,000000101101001000111000,000000101101001000110111
QCI-029,UQCI-017,Poisson 2D,5,0,2,1,10,24,300,1.0,1,20,8,6a8cdb9008442f441bbb6a4a,COMPLETED,-0.0498590132369093,-0.0498590132369093,0.0,0.0,True,0.0008309026903017,0.0008309026903017,1.0,0.0,001001000001000000110010,001001000001000000110010
QCI-030,UQCI-018,Poisson 2D,5,1,2,1,10,24,300,1.0,1,20,8,6a8cdb9f08442f441bbb6a4b,COMPLETED,-0.0498586075356087,-0.0498590132369093,4.057013006653065e-07,8.136970114863337e-06,False,0.0008309026903019,0.0029710879789302,3.575735177666336,1.953125000000045e-05,000000110010001000111111,000000110010001001000001
QCI-031,UQCI-019,Poisson 2D,6,0,2,1,10,24,300,1.0,1,20,8,6a8cdbaf08442f441bbb6a4c,COMPLETED,-0.050462286506092,-0.0504622996604048,1.3154312777929889e-08,2.606760466022005e-07,False,0.0009207476377187,0.0010528304891918,1.1434517408052634,9.765624999999792e-06,001001000101000000110101,001001000110000000110101
QCI-032,UQCI-020,Poisson 2D,6,1,2,1,10,24,300,1.0,4,100,150,6a8cd29208442f441bbb6a38,COMPLETED,-0.0504622435055308,-0.0504622996604048,5.6154873959157754e-08,1.1128084597226477e-06,False,0.0009207476377189,0.001400208459286,1.5207298959299913,1.3810679320049616e-05,000000110100001001000101,000000110101001001000110
QCI-033,UQCI-021,Poisson 2D,7,0,2,1,10,24,300,1.0,1,20,8,6a8cdbbf08442f441bbb6a4d,COMPLETED,-0.0507731911126031,-0.050773291645162,1.0053255897202185e-07,1.98002839119849e-06,False,0.0007078208960787,0.0015751310486182,2.225324312046036,9.76562500000066e-06,001001001001000000110111,001001001000000000110111
QCI-034,UQCI-022,Poisson 2D,7,1,2,1,10,24,300,1.0,1,20,8,6a8cdbcf08442f441bbb6a4e,COMPLETED,-0.0507731114199678,-0.050773291645162,1.8022519424065744e-07,3.549606267409106e-06,False,0.0007078208960787,0.0020126139492037,2.843394367633548,1.3810679320049616e-05,000000110110001001000111,000000110111001001001000
QCI-035,UQCI-023,Poisson 2D,8,0,2,1,10,24,300,1.0,1,20,8,6a8cdbde08442f441bbb6a4f,COMPLETED,-0.050938741663412,-0.050938741663412,0.0,0.0,True,0.0008391147988139,0.0008391147988139,1.0,0.0,001001001010000000111000,001001001010000000111000
QCI-036,UQCI-024,Poisson 2D,8,1,2,1,10,24,300,1.0,1,20,8,6a8cdbee08442f441bbb6a50,COMPLETED,-0.0509386319179608,-0.050938741663412,1.0974545117808933e-07,2.1544594074045744e-06,False,0.0008391147988137,0.0016907310657169,2.014898400203537,9.765625000000009e-06,000000110111001001001010,000000111000001001001010
QCI-037,UQCI-025,Poisson 2D,9,0,2,1,10,24,300,1.0,1,20,8,6a8cdbfe08442f441bbb6a51,COMPLETED,-0.0510287257420335,-0.0510289988070262,2.7306499270768336e-07,5.351172844686205e-06,False,0.0008754920216178,0.0024733893793019,2.825142112353184,9.765625000000009e-06,001001001010000000110111,001001001010000000111000
QCI-038,UQCI-026,Poisson 2D,9,1,2,1,10,24,300,1.0,1,20,8,6a8cdc0e08442f441bbb6a52,COMPLETED,-0.0510289988070262,-0.0510289988070262,0.0,0.0,True,0.0008754920216178,0.0008754920216178,1.0,0.0,000000111000001001001010,000000111000001001001010
QCI-039,UQCI-027,Poisson 2D,10,0,2,1,10,24,300,1.0,1,20,8,6a8cdc1d08442f441bbb6a53,COMPLETED,-0.0510786707801876,-0.0510791979857519,5.27205564308797e-07,1.0321335986047713e-05,False,0.0004185883154157,0.0032398380136863,7.739915077343014,2.1836601342771303e-05,001001001010000000110111,001001001011000000111001
QCI-040,UQCI-028,Poisson 2D,10,1,2,1,10,24,300,1.0,1,20,8,6a8cdc2d08442f441bbb6a54,COMPLETED,-0.0510790167820067,-0.0510791979857519,1.812037451892623e-07,3.547505684012649e-06,False,0.0004185883154158,0.0019294354718671,4.60938683859464,9.7656249999999e-06,000000111010001001001011,000000111001001001001011
QCI-041,UQCI-029,Klein-Gordon 1D,1,0,2,1,10,24,300,1.0,1,20,8,6a8cdc3d08442f441bbb6a55,COMPLETED,-0.1197259347258248,-0.1197259347258248,0.0,0.0,True,0.0003019267553977,0.0003019267553977,1.0,0.0,010000000000111011010000,010000000000111011010000
QCI-042,UQCI-030,Klein-Gordon 1D,1,1,2,1,10,24,300,1.0,1,20,8,6a8cdc4f08442f441bbb6a56,COMPLETED,-0.1249999269287817,-0.1249999269287817,0.0,0.0,True,0.0002908092815287,0.0002908092815287,1.0,0.0,000000000001010000000000,000000000001010000000000
QCI-043,UQCI-031,Klein-Gordon 1D,2,0,2,1,10,24,300,1.0,1,20,8,6a8cd8c108442f441bbb6a3b,COMPLETED,-0.1197266637776383,-0.1197266637776383,0.0,0.0,True,0.0003065554407961,0.0003065554407961,1.0,0.0,010000000000111011010000,010000000000111011010000
QCI-044,UQCI-032,Klein-Gordon 1D,2,1,2,1,10,24,300,1.0,1,20,8,6a8cdc5f08442f441bbb6a57,COMPLETED,-0.1249998784889293,-0.1249999269302981,4.844136884674111e-08,3.8753117730822974e-07,False,0.0002907884223371,0.0006870873690201,2.362842934041029,0.0009765625,000000000001001111111111,000000000001010000000000
QCI-045,UQCI-033,Klein-Gordon 1D,3,0,2,1,10,24,300,1.0,1,20,8,6a8cdc6f08442f441bbb6a58,COMPLETED,-0.1197266637776536,-0.1197266637776536,0.0,0.0,True,0.0003065554409106,0.0003065554409106,1.0,0.0,010000000000111011010000,010000000000111011010000
QCI-046,UQCI-034,Klein-Gordon 1D,3,1,2,1,10,24,300,1.0,1,20,8,6a8cdc8108442f441bbb6a59,COMPLETED,-0.1249999269302981,-0.1249999269302981,0.0,0.0,True,0.0002907884223366,0.0002907884223366,1.0,0.0,000000000001010000000000,000000000001010000000000
QCI-047,UQCI-033,Klein-Gordon 1D,4,0,2,1,10,24,300,1.0,1,20,8,6a8cdc6f08442f441bbb6a58,COMPLETED,-0.1197266637776536,-0.1197266637776536,0.0,0.0,True,0.0003065554409106,0.0003065554409106,1.0,0.0,010000000000111011010000,010000000000111011010000
QCI-048,UQCI-034,Klein-Gordon 1D,4,1,2,1,10,24,300,1.0,1,20,8,6a8cdc8108442f441bbb6a59,COMPLETED,-0.1249999269302981,-0.1249999269302981,0.0,0.0,True,0.0002907884223366,0.0002907884223366,1.0,0.0,000000000001010000000000,000000000001010000000000
QCI-049,UQCI-033,Klein-Gordon 1D,5,0,2,1,10,24,300,1.0,1,20,8,6a8cdc6f08442f441bbb6a58,COMPLETED,-0.1197266637776536,-0.1197266637776536,0.0,0.0,True,0.0003065554409106,0.0003065554409106,1.0,0.0,010000000000111011010000,010000000000111011010000
QCI-050,UQCI-034,Klein-Gordon 1D,5,1,2,1,10,24,300,1.0,1,20,8,6a8cdc8108442f441bbb6a59,COMPLETED,-0.1249999269302981,-0.1249999269302981,0.0,0.0,True,0.0002907884223366,0.0002907884223366,1.0,0.0,000000000001010000000000,000000000001010000000000
QCI-051,UQCI-033,Klein-Gordon 1D,6,0,2,1,10,24,300,1.0,1,20,8,6a8cdc6f08442f441bbb6a58,COMPLETED,-0.1197266637776536,-0.1197266637776536,0.0,0.0,True,0.0003065554409106,0.0003065554409106,1.0,0.0,010000000000111011010000,010000000000111011010000
QCI-052,UQCI-034,Klein-Gordon 1D,6,1,2,1,10,24,300,1.0,1,20,8,6a8cdc8108442f441bbb6a59,COMPLETED,-0.1249999269302981,-0.1249999269302981,0.0,0.0,True,0.0002907884223366,0.0002907884223366,1.0,0.0,000000000001010000000000,000000000001010000000000
QCI-053,UQCI-033,Klein-Gordon 1D,7,0,2,1,10,24,300,1.0,1,20,8,6a8cdc6f08442f441bbb6a58,COMPLETED,-0.1197266637776536,-0.1197266637776536,0.0,0.0,True,0.0003065554409106,0.0003065554409106,1.0,0.0,010000000000111011010000,010000000000111011010000
QCI-054,UQCI-034,Klein-Gordon 1D,7,1,2,1,10,24,300,1.0,1,20,8,6a8cdc8108442f441bbb6a59,COMPLETED,-0.1249999269302981,-0.1249999269302981,0.0,0.0,True,0.0002907884223366,0.0002907884223366,1.0,0.0,000000000001010000000000,000000000001010000000000
QCI-055,UQCI-033,Klein-Gordon 1D,8,0,2,1,10,24,300,1.0,1,20,8,6a8cdc6f08442f441bbb6a58,COMPLETED,-0.1197266637776536,-0.1197266637776536,0.0,0.0,True,0.0003065554409106,0.0003065554409106,1.0,0.0,010000000000111011010000,010000000000111011010000
QCI-056,UQCI-034,Klein-Gordon 1D,8,1,2,1,10,24,300,1.0,1,20,8,6a8cdc8108442f441bbb6a59,COMPLETED,-0.1249999269302981,-0.1249999269302981,0.0,0.0,True,0.0002907884223366,0.0002907884223366,1.0,0.0,000000000001010000000000,000000000001010000000000
QCI-057,UQCI-033,Klein-Gordon 1D,9,0,2,1,10,24,300,1.0,1,20,8,6a8cdc6f08442f441bbb6a58,COMPLETED,-0.1197266637776536,-0.1197266637776536,0.0,0.0,True,0.0003065554409106,0.0003065554409106,1.0,0.0,010000000000111011010000,010000000000111011010000
QCI-058,UQCI-034,Klein-Gordon 1D,9,1,2,1,10,24,300,1.0,1,20,8,6a8cdc8108442f441bbb6a59,COMPLETED,-0.1249999269302981,-0.1249999269302981,0.0,0.0,True,0.0002907884223366,0.0002907884223366,1.0,0.0,000000000001010000000000,000000000001010000000000
QCI-059,UQCI-033,Klein-Gordon 1D,10,0,2,1,10,24,300,1.0,1,20,8,6a8cdc6f08442f441bbb6a58,COMPLETED,-0.1197266637776536,-0.1197266637776536,0.0,0.0,True,0.0003065554409106,0.0003065554409106,1.0,0.0,010000000000111011010000,010000000000111011010000
QCI-060,UQCI-034,Klein-Gordon 1D,10,1,2,1,10,24,300,1.0,1,20,8,6a8cdc8108442f441bbb6a59,COMPLETED,-0.1249999269302981,-0.1249999269302981,0.0,0.0,True,0.0002907884223366,0.0002907884223366,1.0,0.0,000000000001010000000000,000000000001010000000000
