pde,rhs,method,relerr_vs_dense,resid_rel,norm_ref
Heat 1D,ones,continuous_schur,1.0473459392441822e-16,1.1775693440128312e-16,2.8045881622416573
Heat 1D,ones,exact_qubo,0.0003485687422311466,0.00034947081678616735,2.8045881622416573
Heat 1D,ones,qci_hardware,0.00040978370332946535,0.00042654418983487303,2.8045881622416573
Heat 1D,smooth_sine,continuous_schur,1.4151976662639914e-16,9.791246743253678e-17,2.1123317621294544
Heat 1D,smooth_sine,exact_qubo,0.0003537002515604337,0.00035678007024561305,2.1123317621294544
Heat 1D,smooth_sine,qci_hardware,0.0004998623305608811,0.0005245723965426156,2.1123317621294544
Heat 1D,random,continuous_schur,1.1347166212580281e-16,5.127256555375391e-17,2.0318299954238817
Heat 1D,random,exact_qubo,0.00031021985698218913,0.0003016029711784075,2.0318299954238817
Heat 1D,random,qci_hardware,0.0003612135481322164,0.00035884893005170535,2.0318299954238817
Heat 1D,alternating,continuous_schur,7.695890004146387e-17,7.850462293418875e-17,2.498687852019079
Heat 1D,alternating,exact_qubo,0.00014809954751014926,0.00014247569973256316,2.498687852019079
Heat 1D,alternating,qci_hardware,0.0006972318209966385,0.0006470129582067967,2.498687852019079
Poisson 2D,ones,continuous_schur,1.7695952351404202e-16,1.6945000547323807e-15,0.22354141075593045
Poisson 2D,ones,exact_qubo,0.002827563535209414,0.008869497166409428,0.22354141075593045
Poisson 2D,ones,qci_hardware,0.0019738589519368126,0.014422147196080735,0.22354141075593045
Poisson 2D,smooth_sine,continuous_schur,2.1562376613535002e-16,2.3961216430531572e-15,0.1717971875791628
Poisson 2D,smooth_sine,exact_qubo,0.002973657217997218,0.009122139225643896,0.1717971875791628
Poisson 2D,smooth_sine,qci_hardware,0.0019975714104560707,0.015561878176487128,0.1717971875791628
Poisson 2D,random,continuous_schur,2.0443722265159982e-16,5.416046286892389e-16,0.05012437470286735
Poisson 2D,random,exact_qubo,0.0009342208428484369,0.0023407413089508223,0.05012437470286735
Poisson 2D,random,qci_hardware,0.004531648254487226,0.004164460592223272,0.05012437470286735
Poisson 2D,alternating,continuous_schur,2.2900653365763704e-16,1.1193448908270231e-15,0.11463048340548425
Poisson 2D,alternating,exact_qubo,0.0006728982863124893,0.0033910140557440694,0.11463048340548425
Poisson 2D,alternating,qci_hardware,0.004176207031676574,0.00893109248450764,0.11463048340548425
Poisson 2D,smooth_2d_sine,continuous_schur,2.044071167771318e-16,2.06481766046047e-15,0.15275897953018752
Poisson 2D,smooth_2d_sine,exact_qubo,0.0029600831353513326,0.009179992889657899,0.15275897953018752
Poisson 2D,smooth_2d_sine,qci_hardware,0.0019708161493655818,0.015508288121357823,0.15275897953018752
Klein-Gordon 1D,kg_u_sine_v_zero,continuous_schur,1.1144823541155052e-16,1.1316993474494503e-16,1.4197723772637292
Klein-Gordon 1D,kg_u_sine_v_zero,exact_qubo,0.00029329231854875065,0.0002923573895270411,1.4197723772637292
Klein-Gordon 1D,kg_u_sine_v_zero,qci_hardware,0.0003387608472940369,0.000330449812722291,1.4197723772637292
Klein-Gordon 1D,ones,continuous_schur,8.2442102285776e-17,1.1102230246251565e-16,2.3325007891208744
Klein-Gordon 1D,ones,exact_qubo,0.0002740723704516974,0.00027351021351483453,2.3325007891208744
Klein-Gordon 1D,ones,qci_hardware,0.0004790898589056582,0.0004635724544552529,2.3325007891208744
Klein-Gordon 1D,random,continuous_schur,6.547690649810999e-17,1.5125848823681686e-16,1.907544154883606
Klein-Gordon 1D,random,exact_qubo,0.00031232879353483404,0.00030758108007732424,1.907544154883606
Klein-Gordon 1D,random,qci_hardware,0.00034792518414394056,0.0003460073787561141,1.907544154883606
