unique_id,representative_qci_id,pde_id,pde_name,block,column,bits,terms,terms_file,relaxation_schedule,num_samples,elapsed_wall_seconds,device_usage_s,job_id,status,polynomial_file_id,exact_bitstring,exact_submitted_energy_no_constant,stored_global_min_energy_with_constant,stored_normalized_energy_gap,exact_inverse_residual,exact_decoded_y0,exact_decoded_y1,num_returned_unique_solutions,best_bitstring,best_computed_submitted_energy,best_submitted_energy_gap_to_exact,best_inverse_residual,best_decoded_y0,best_decoded_y1,strict_exact_hit_any,residual_quality_hit_any_1p05,error
UQCI-020,QCI-032,poisson2d_10x2,Poisson 2D,6,1,24,300,QCI-032_poisson2d_10x2_block06_col1_normalized_terms.csv,4,100,183.01932835578918,150,6a8cd29208442f441bbb6a38,COMPLETED,6a8cd292ff2f309fb9d1b3c3,000000110101001001000110,-0.05046229966040485,8.477762123649591e-07,1.3154312828362965e-08,0.0009207476377189131,0.000517578125,0.00568359375,32,000000110100001001000101,-0.05046224350553089,5.615487395915775e-08,0.0014002084592860682,0.0005078125,0.0056738281250000005,False,False,
UQCI-015,QCI-027,poisson2d_10x2,Poisson 2D,4,0,24,300,QCI-027_poisson2d_10x2_block04_col0_normalized_terms.csv,4,100,188.10617876052856,152,6a8cd56308442f441bbb6a39,COMPLETED,6a8cd563ff2f309fb9d1b3c7,001000110111000000101101,-0.048642797165919564,1.2317612346719565e-07,9.925183925665092e-08,0.00035096456155458885,0.005537109375,0.000439453125,26,001000110111000000101101,-0.048642797165919564,0.0,0.00035096456155458885,0.005537109375,0.000439453125,True,True,
UQCI-003,QCI-003,heat1d_N20,Heat 1D,2,0,24,300,QCI-003_heat1d_N20_block02_col0_normalized_terms.csv,1,20,122.22033953666687,8,6a8cd84708442f441bbb6a3a,COMPLETED,6a8cd847ff2f309fb9d1b3cb,011000111110000000110101,-0.23724010811801402,8.916260162849054e-08,3.2338587328623306e-08,0.0002986010743928854,0.936328125,0.031054687499999997,14,011000111110000000110101,-0.23724010811801402,0.0,0.0002986010743928854,0.936328125,0.031054687499999997,True,True,
UQCI-031,QCI-043,kg1d_Nspace10_state20,Klein-Gordon 1D,2,0,24,300,QCI-043_kg1d_Nspace10_state20_block02_col0_normalized_terms.csv,1,20,15.568138599395752,8,6a8cd8c108442f441bbb6a3b,COMPLETED,6a8cd8c1ff2f309fb9d1b3cf,010000000000111011010000,-0.11972666377763837,9.397623828174597e-08,6.012122284046997e-08,0.00030655544079618934,1.0,-0.296875,13,010000000000111011010000,-0.11972666377763837,0.0,0.00030655544079618934,1.0,-0.296875,True,True,
UQCI-001,QCI-001,heat1d_N20,Heat 1D,1,0,24,300,QCI-001_heat1d_N20_block01_col0_normalized_terms.csv,1,20,15.621219873428345,8,6a8cda0508442f441bbb6a3c,COMPLETED,6a8cda05ff2f309fb9d1b3d3,011000111100000000110101,-0.23688157171824173,6.635876684568717e-08,1.8389433802599305e-08,0.0002576019542738187,0.9351562499999999,0.031054687499999997,14,011000111100000000110101,-0.23688157171824173,0.0,0.0002576019542738187,0.9351562499999999,0.031054687499999997,True,True,
UQCI-002,QCI-002,heat1d_N20,Heat 1D,1,1,24,300,QCI-002_heat1d_N20_block01_col1_normalized_terms.csv,1,20,15.661584377288818,8,6a8cda1508442f441bbb6a3d,COMPLETED,6a8cda15ff2f309fb9d1b3d7,000000110101011000111100,-0.23688157171824173,6.635876684568717e-08,1.8389433802599305e-08,0.0002576019542738161,0.031054687499999997,0.9351562499999999,11,000000110100011000111011,-0.23688148327422057,8.844402116237049e-08,0.0006631190218642052,0.03046875,0.9345703125,False,False,
UQCI-004,QCI-004,heat1d_N20,Heat 1D,2,1,24,300,QCI-004_heat1d_N20_block02_col1_normalized_terms.csv,1,20,15.538377285003662,8,6a8cda2508442f441bbb6a3e,COMPLETED,6a8cda24ff2f309fb9d1b3db,000000110101011000111100,-0.23688157575132188,4.933304497400948e-08,2.8998725153350665e-08,0.00022211043418537006,0.031054687499999997,0.9351562499999999,10,000000110011011000111100,-0.23688133153937194,2.4421194994017625e-07,0.001039364375810681,0.029882812499999998,0.9351562499999999,False,False,
UQCI-005,QCI-005,heat1d_N20,Heat 1D,3,0,24,300,QCI-005_heat1d_N20_block03_col0_normalized_terms.csv,1,20,15.642415285110474,8,6a8cda3408442f441bbb6a3f,COMPLETED,6a8cda34ff2f309fb9d1b3df,011000111110000000110101,-0.23724010854290953,8.916205994849283e-08,3.2338574738254024e-08,0.00029860016736195545,0.936328125,0.031054687499999997,10,011000111110000000110101,-0.23724010854290953,0.0,0.00029860016736195545,0.936328125,0.031054687499999997,True,True,
UQCI-006,QCI-006,heat1d_N20,Heat 1D,3,1,24,300,QCI-006_heat1d_N20_block03_col1_normalized_terms.csv,1,20,15.538504362106323,8,6a8cda4408442f441bbb6a40,COMPLETED,6a8cda44ff2f309fb9d1b3e3,000000110101011000111100,-0.23688157575132632,4.93330263737273e-08,2.8998737693408665e-08,0.00022211039231366408,0.031054687499999997,0.9351562499999999,9,000000110101011000111100,-0.23688157575132632,0.0,0.00022211039231366408,0.031054687499999997,0.9351562499999999,True,True,
UQCI-007,QCI-007,heat1d_N20,Heat 1D,4,0,24,300,QCI-007_heat1d_N20_block04_col0_normalized_terms.csv,1,20,18.106066942214966,8,6a8cda5408442f441bbb6a41,COMPLETED,6a8cda54ff2f309fb9d1b3e7,011000111110000000110101,-0.23724010854291,8.91620599479332e-08,3.233857473824102e-08,0.000298600167360706,0.936328125,0.031054687499999997,9,011000111101000000110101,-0.2372400756562809,3.2886629086625874e-08,0.00047726696489254825,0.9357421874999999,0.031054687499999997,False,False,
UQCI-008,QCI-008,heat1d_N20,Heat 1D,4,1,24,300,QCI-008_heat1d_N20_block04_col1_normalized_terms.csv,1,20,15.543881177902222,8,6a8cda6608442f441bbb6a42,COMPLETED,6a8cda66ff2f309fb9d1b3eb,000000110101011000111100,-0.23688157575132632,4.9333026373706176e-08,2.8998737693423085e-08,0.0002221103923136101,0.031054687499999997,0.9351562499999999,12,000000110101011000111011,-0.236881493764076,8.198725032215748e-08,0.0006288431593859491,0.031054687499999997,0.9345703125,False,False,
UQCI-009,QCI-021,poisson2d_10x2,Poisson 2D,1,0,24,300,QCI-021_poisson2d_10x2_block01_col0_normalized_terms.csv,1,20,15.590652227401733,8,6a8cda7608442f441bbb6a43,COMPLETED,6a8cda76ff2f309fb9d1b3ef,000110001010000000001110,-0.026686266478684377,1.5480041503904695e-06,4.390896494741874e-08,0.0012441881491119654,0.00384765625,0.00013671875,12,000110001010000000001110,-0.026686266478684377,0.0,0.0012441881491119654,0.00384765625,0.00013671875,True,True,
UQCI-010,QCI-022,poisson2d_10x2,Poisson 2D,1,1,24,300,QCI-022_poisson2d_10x2_block01_col1_normalized_terms.csv,1,20,15.555020570755005,8,6a8cda8608442f441bbb6a44,COMPLETED,6a8cda85ff2f309fb9d1b3f3,000000001110000110001010,-0.02668626647868438,1.5480041503904695e-06,4.390896494741874e-08,0.001244188149111888,0.00013671875,0.00384765625,15,000000001110000110001010,-0.02668626647868438,0.0,0.001244188149111888,0.00013671875,0.00384765625,True,True,
UQCI-011,QCI-023,poisson2d_10x2,Poisson 2D,2,0,24,300,QCI-023_poisson2d_10x2_block02_col0_normalized_terms.csv,1,20,15.658374071121216,8,6a8cda9508442f441bbb6a45,COMPLETED,6a8cda95ff2f309fb9d1b3f7,000111111000000000011011,-0.040359337650132145,5.229090327142767e-07,5.09793026301461e-08,0.0007231244932332253,0.004921875,0.000263671875,10,000111111000000000011011,-0.040359337650132145,0.0,0.0007231244932332253,0.004921875,0.000263671875,True,True,
UQCI-012,QCI-024,poisson2d_10x2,Poisson 2D,2,1,24,300,QCI-024_poisson2d_10x2_block02_col1_normalized_terms.csv,1,20,15.59346079826355,8,6a8cdb5008442f441bbb6a46,COMPLETED,6a8cdb50ff2f309fb9d1b3fb,000000011011000111111000,-0.040359337650132145,5.229090327142767e-07,5.09793026301461e-08,0.0007231244932331208,0.000263671875,0.004921875,10,000000011100000111111000,-0.04035920586326987,1.317868622771612e-07,0.001946341417568574,0.0002734375,0.004921875,False,False,
UQCI-013,QCI-025,poisson2d_10x2,Poisson 2D,3,0,24,300,QCI-025_poisson2d_10x2_block03_col0_normalized_terms.csv,1,20,15.62534475326538,8,6a8cdb6008442f441bbb6a47,COMPLETED,6a8cdb60ff2f309fb9d1b3ff,001000100100000000100110,-0.046077257603340256,1.1595908230481044e-06,2.8180912577929506e-08,0.001076842989041621,0.0053515625,0.00037109375,12,001000100100000000100110,-0.046077257603340256,0.0,0.001076842989041621,0.0053515625,0.00037109375,True,True,
UQCI-014,QCI-026,poisson2d_10x2,Poisson 2D,3,1,24,300,QCI-026_poisson2d_10x2_block03_col1_normalized_terms.csv,1,20,15.549960851669312,8,6a8cdb7008442f441bbb6a48,COMPLETED,6a8cdb70ff2f309fb9d1b403,000000100110001000100100,-0.046077257603340256,1.1595908230481044e-06,2.8180912577929506e-08,0.001076842989041472,0.00037109375,0.0053515625,15,000000100101001000100100,-0.04607722942242768,2.818091257572597e-08,0.0013308611706965706,0.000361328125,0.0053515625,False,False,
UQCI-016,QCI-028,poisson2d_10x2,Poisson 2D,4,1,24,300,QCI-028_poisson2d_10x2_block04_col1_normalized_terms.csv,1,20,15.965516567230225,8,6a8cdb8008442f441bbb6a49,COMPLETED,6a8cdb7fff2f309fb9d1b407,000000101101001000110111,-0.048642797165919564,1.2317612346719565e-07,9.925183925665092e-08,0.000350964561554592,0.000439453125,0.005537109375,15,000000101101001000111000,-0.048642677468586096,1.1969733346856026e-07,0.0016074566831343435,0.000439453125,0.005546875,False,False,
UQCI-017,QCI-029,poisson2d_10x2,Poisson 2D,5,0,24,300,QCI-029_poisson2d_10x2_block05_col0_normalized_terms.csv,1,20,15.553368091583252,8,6a8cdb9008442f441bbb6a4a,COMPLETED,6a8cdb90ff2f309fb9d1b40b,001001000001000000110010,-0.049859013236909396,6.903992807507117e-07,4.9506747991748086e-08,0.0008309026903017617,0.0056347656250000005,0.00048828125,10,001001000001000000110010,-0.049859013236909396,0.0,0.0008309026903017617,0.0056347656250000005,0.00048828125,True,True,
UQCI-018,QCI-030,poisson2d_10x2,Poisson 2D,5,1,24,300,QCI-030_poisson2d_10x2_block05_col1_normalized_terms.csv,1,20,15.595831155776978,8,6a8cdb9f08442f441bbb6a4b,COMPLETED,6a8cdb9fff2f309fb9d1b40f,000000110010001001000001,-0.04985901323690938,6.903992807509819e-07,4.9506747991709176e-08,0.0008309026903019281,0.00048828125,0.0056347656250000005,13,000000110010001000111111,-0.049858607535608716,4.057013006653065e-07,0.0029710879789302015,0.00048828125,0.005615234375,False,False,
UQCI-019,QCI-031,poisson2d_10x2,Poisson 2D,6,0,24,300,QCI-031_poisson2d_10x2_block06_col0_normalized_terms.csv,1,20,15.553215265274048,8,6a8cdbaf08442f441bbb6a4c,COMPLETED,6a8cdbafff2f309fb9d1b413,001001000110000000110101,-0.05046229966040485,8.477762123645995e-07,1.3154312828402042e-08,0.0009207476377187163,0.00568359375,0.000517578125,12,001001000101000000110101,-0.05046228650609207,1.3154312777929889e-08,0.0010528304891918002,0.0056738281250000005,0.000517578125,False,False,
UQCI-021,QCI-033,poisson2d_10x2,Poisson 2D,7,0,24,300,QCI-033_poisson2d_10x2_block07_col0_normalized_terms.csv,1,20,15.607037544250488,8,6a8cdbbf08442f441bbb6a4d,COMPLETED,6a8cdbbfff2f309fb9d1b417,001001001000000000110111,-0.05077329164516208,5.010104209257553e-07,3.184968344889457e-08,0.0007078208960787705,0.005703125,0.000537109375,15,001001001001000000110111,-0.05077319111260311,1.0053255897202185e-07,0.0015751310486182986,0.0057128906250000005,0.000537109375,False,False,
UQCI-022,QCI-034,poisson2d_10x2,Poisson 2D,7,1,24,300,QCI-034_poisson2d_10x2_block07_col1_normalized_terms.csv,1,20,15.53934645652771,8,6a8cdbcf08442f441bbb6a4e,COMPLETED,6a8cdbcfff2f309fb9d1b41b,000000110111001001001000,-0.05077329164516208,5.010104209257553e-07,3.184968344889457e-08,0.0007078208960787698,0.000537109375,0.005703125,13,000000110110001001000111,-0.05077311141996784,1.8022519424065742e-07,0.0020126139492037047,0.00052734375,0.005693359375,False,False,
UQCI-023,QCI-035,poisson2d_10x2,Poisson 2D,8,0,24,300,QCI-035_poisson2d_10x2_block08_col0_normalized_terms.csv,1,20,15.566267967224121,8,6a8cdbde08442f441bbb6a4f,COMPLETED,6a8cdbdeff2f309fb9d1b41f,001001001010000000111000,-0.05093874166341201,7.041136455882097e-07,2.1698156111868254e-08,0.0008391147988139378,0.00572265625,0.000546875,16,001001001010000000111000,-0.05093874166341201,0.0,0.0008391147988139378,0.00572265625,0.000546875,True,True,
UQCI-024,QCI-036,poisson2d_10x2,Poisson 2D,8,1,24,300,QCI-036_poisson2d_10x2_block08_col1_normalized_terms.csv,1,20,15.554287195205688,8,6a8cdbee08442f441bbb6a50,COMPLETED,6a8cdbeeff2f309fb9d1b423,000000111000001001001010,-0.05093874166341201,7.041136455882097e-07,2.169815611186825e-08,0.0008391147988137321,0.000546875,0.00572265625,15,000000110111001001001010,-0.05093863191796083,1.0974545117808931e-07,0.0016907310657169018,0.000537109375,0.00572265625,False,False,
UQCI-025,QCI-037,poisson2d_10x2,Poisson 2D,9,0,24,300,QCI-037_poisson2d_10x2_block09_col0_normalized_terms.csv,1,20,15.581390619277954,8,6a8cdbfe08442f441bbb6a51,COMPLETED,6a8cdbfeff2f309fb9d1b427,001001001010000000111000,-0.05102899880702623,7.664862799165612e-07,3.2196484354729346e-08,0.0008754920216178847,0.00572265625,0.000546875,12,001001001010000000110111,-0.05102872574203352,2.7306499270768336e-07,0.0024733893793019105,0.00572265625,0.000537109375,False,False,
UQCI-026,QCI-038,poisson2d_10x2,Poisson 2D,9,1,24,300,QCI-038_poisson2d_10x2_block09_col1_normalized_terms.csv,1,20,15.592168092727661,8,6a8cdc0e08442f441bbb6a52,COMPLETED,6a8cdc0eff2f309fb9d1b42b,000000111000001001001010,-0.051028998807026237,7.664862799165409e-07,3.2196484354731795e-08,0.0008754920216178651,0.000546875,0.00572265625,15,000000111000001001001010,-0.051028998807026237,0.0,0.0008754920216178651,0.000546875,0.00572265625,True,True,
UQCI-027,QCI-039,poisson2d_10x2,Poisson 2D,10,0,24,300,QCI-039_poisson2d_10x2_block10_col0_normalized_terms.csv,1,20,15.560620546340942,8,6a8cdc1d08442f441bbb6a53,COMPLETED,6a8cdc1dff2f309fb9d1b42f,001001001011000000111001,-0.05107919798575191,1.7521617780263689e-07,9.120753588936677e-08,0.00041858831541579674,0.005732421875,0.0005566406250000001,17,001001001010000000110111,-0.0510786707801876,5.27205564308797e-07,0.003239838013686338,0.00572265625,0.000537109375,False,False,
UQCI-028,QCI-040,poisson2d_10x2,Poisson 2D,10,1,24,300,QCI-040_poisson2d_10x2_block10_col1_normalized_terms.csv,1,20,15.562874555587769,8,6a8cdc2d08442f441bbb6a54,COMPLETED,6a8cdc2dff2f309fb9d1b433,000000111001001001001011,-0.05107919798575192,1.752161778026534e-07,9.120753588936748e-08,0.000418588315415818,0.0005566406250000001,0.005732421875,15,000000111010001001001011,-0.05107901678200673,1.812037451892623e-07,0.0019294354718671731,0.00056640625,0.005732421875,False,False,
UQCI-029,QCI-041,kg1d_Nspace10_state20,Klein-Gordon 1D,1,0,24,300,QCI-041_kg1d_Nspace10_state20_block01_col0_normalized_terms.csv,1,20,18.12962245941162,8,6a8cdc3d08442f441bbb6a55,COMPLETED,6a8cdc3dff2f309fb9d1b437,010000000000111011010000,-0.11972593472582482,9.115976562504141e-08,5.8635304743648354e-08,0.0003019267553977975,1.0,-0.296875,13,010000000000111011010000,-0.11972593472582482,0.0,0.0003019267553977975,1.0,-0.296875,True,True,
UQCI-030,QCI-042,kg1d_Nspace10_state20,Klein-Gordon 1D,1,1,24,300,QCI-042_kg1d_Nspace10_state20_block01_col1_normalized_terms.csv,1,20,15.565694570541382,8,6a8cdc4f08442f441bbb6a56,COMPLETED,6a8cdc4fff2f309fb9d1b43b,000000000001010000000000,-0.12499992692878172,8.457003822328086e-08,4.8436259847110654e-08,0.0002908092815287725,0.0009765625,1.0,9,000000000001010000000000,-0.12499992692878172,0.0,0.0002908092815287725,0.0009765625,1.0,True,True,
UQCI-032,QCI-044,kg1d_Nspace10_state20,Klein-Gordon 1D,2,1,24,300,QCI-044_kg1d_Nspace10_state20_block02_col1_normalized_terms.csv,1,20,15.58574390411377,8,6a8cdc5f08442f441bbb6a57,COMPLETED,6a8cdc5fff2f309fb9d1b43f,000000000001010000000000,-0.12499992693029817,8.45579065653067e-08,4.8441369042036934e-08,0.00029078842233711216,0.0009765625,1.0,10,000000000001001111111111,-0.12499987848892932,4.8441368846741106e-08,0.0006870873690201838,0.0009765625,0.9990234375,False,False,
UQCI-033,QCI-045,kg1d_Nspace10_state20,Klein-Gordon 1D,3,0,24,300,QCI-045_kg1d_Nspace10_state20_block03_col0_normalized_terms.csv,1,20,18.097684144973755,8,6a8cdc6f08442f441bbb6a58,COMPLETED,6a8cdc6fff2f309fb9d1b443,010000000000111011010000,-0.11972666377765363,9.397623835192008e-08,6.012122287230056e-08,0.0003065554409106452,1.0,-0.296875,12,010000000000111011010000,-0.11972666377765363,0.0,0.0003065554409106452,1.0,-0.296875,True,True,
UQCI-034,QCI-046,kg1d_Nspace10_state20,Klein-Gordon 1D,3,1,24,300,QCI-046_kg1d_Nspace10_state20_block03_col1_normalized_terms.csv,1,20,15.62954306602478,8,6a8cdc8108442f441bbb6a59,COMPLETED,6a8cdc81ff2f309fb9d1b447,000000000001010000000000,-0.12499992693029817,8.455790656504927e-08,4.844136904214536e-08,0.0002907884223366695,0.0009765625,1.0,11,000000000001010000000000,-0.12499992693029817,0.0,0.0002907884223366695,0.0009765625,1.0,True,True,
