bit_i_zero_based,bit_j_zero_based,candidate_hw_index_1,candidate_hw_index_2,unnormalized_qubo_coefficient,normalized_qubo_coefficient
0,0,0,1,8.3524084496000004,1
0,1,1,2,-4.3524084496000004,-0.52109621743994561
0,2,1,3,-2.1762042248000002,-0.2605481087199728
0,3,1,4,-1.0881021124000001,-0.1302740543599864
0,4,1,5,-0.54405105620000005,-0.065137027179993201
0,5,1,6,-0.27202552810000002,-0.032568513589996601
0,6,1,7,-0.13601276405000001,-0.0162842567949983
0,7,1,8,-0.068006382025000006,-0.0081421283974991501
0,8,1,9,-0.034003191012500003,-0.0040710641987495751
0,9,1,10,-0.017001595506250002,-0.0020355320993747875
0,10,1,11,-0.0085007977531250008,-0.0010177660496873938
0,11,1,12,-0.0042503988765625004,-0.00050888302484369688
0,12,1,13,2.3665600000000007,0.28333863391383068
0,13,1,14,-1.1832800000000003,-0.14166931695691534
0,14,1,15,-0.59164000000000017,-0.070834658478457671
0,15,1,16,-0.29582000000000008,-0.035417329239228836
0,16,1,17,-0.14791000000000004,-0.017708664619614418
0,17,1,18,-0.073955000000000021,-0.0088543323098072089
0,18,1,19,-0.03697750000000001,-0.0044271661549036044
0,19,1,20,-0.018488750000000005,-0.0022135830774518022
0,20,1,21,-0.0092443750000000026,-0.0011067915387259011
0,21,1,22,-0.0046221875000000013,-0.00055339576936295056
0,22,1,23,-0.0023110937500000006,-0.00027669788468147528
0,23,1,24,-0.0011555468750000003,-0.00013834894234073764
1,1,0,2,-0.9118978875999999,-0.10917783692004084
1,2,2,3,1.0881021124000001,0.1302740543599864
1,3,2,4,0.54405105620000005,0.065137027179993201
1,4,2,5,0.27202552810000002,0.032568513589996601
1,5,2,6,0.13601276405000001,0.0162842567949983
1,6,2,7,0.068006382025000006,0.0081421283974991501
1,7,2,8,0.034003191012500003,0.0040710641987495751
1,8,2,9,0.017001595506250002,0.0020355320993747875
1,9,2,10,0.0085007977531250008,0.0010177660496873938
1,10,2,11,0.0042503988765625004,0.00050888302484369688
1,11,2,12,0.0021251994382812502,0.00025444151242184844
1,12,2,13,-1.1832800000000003,-0.14166931695691534
1,13,2,14,0.59164000000000017,0.070834658478457671
1,14,2,15,0.29582000000000008,0.035417329239228836
1,15,2,16,0.14791000000000004,0.017708664619614418
1,16,2,17,0.073955000000000021,0.0088543323098072089
1,17,2,18,0.03697750000000001,0.0044271661549036044
1,18,2,19,0.018488750000000005,0.0022135830774518022
1,19,2,20,0.0092443750000000026,0.0011067915387259011
1,20,2,21,0.0046221875000000013,0.00055339576936295056
1,21,2,22,0.0023110937500000006,0.00027669788468147528
1,22,2,23,0.0011555468750000003,0.00013834894234073764
1,23,2,24,0.00057777343750000016,6.9174471170368819e-05
2,2,0,3,-0.72797447189999998,-0.087157432050017011
2,3,3,4,0.27202552810000002,0.032568513589996601
2,4,3,5,0.13601276405000001,0.0162842567949983
2,5,3,6,0.068006382025000006,0.0081421283974991501
2,6,3,7,0.034003191012500003,0.0040710641987495751
2,7,3,8,0.017001595506250002,0.0020355320993747875
2,8,3,9,0.0085007977531250008,0.0010177660496873938
2,9,3,10,0.0042503988765625004,0.00050888302484369688
2,10,3,11,0.0021251994382812502,0.00025444151242184844
2,11,3,12,0.0010625997191406251,0.00012722075621092422
2,12,3,13,-0.59164000000000017,-0.070834658478457671
2,13,3,14,0.29582000000000008,0.035417329239228836
2,14,3,15,0.14791000000000004,0.017708664619614418
2,15,3,16,0.073955000000000021,0.0088543323098072089
2,16,3,17,0.03697750000000001,0.0044271661549036044
2,17,3,18,0.018488750000000005,0.0022135830774518022
2,18,3,19,0.0092443750000000026,0.0011067915387259011
2,19,3,20,0.0046221875000000013,0.00055339576936295056
2,20,3,21,0.0023110937500000006,0.00027669788468147528
2,21,3,22,0.0011555468750000003,0.00013834894234073764
2,22,3,23,0.00057777343750000016,6.9174471170368819e-05
2,23,3,24,0.00028888671875000008,3.458723558518441e-05
3,3,0,4,-0.43199361797500002,-0.051720844422507656
3,4,4,5,0.068006382025000006,0.0081421283974991501
3,5,4,6,0.034003191012500003,0.0040710641987495751
3,6,4,7,0.017001595506250002,0.0020355320993747875
3,7,4,8,0.0085007977531250008,0.0010177660496873938
3,8,4,9,0.0042503988765625004,0.00050888302484369688
3,9,4,10,0.0021251994382812502,0.00025444151242184844
3,10,4,11,0.0010625997191406251,0.00012722075621092422
3,11,4,12,0.00053129985957031255,6.361037810546211e-05
3,12,4,13,-0.29582000000000008,-0.035417329239228836
3,13,4,14,0.14791000000000004,0.017708664619614418
3,14,4,15,0.073955000000000021,0.0088543323098072089
3,15,4,16,0.03697750000000001,0.0044271661549036044
3,16,4,17,0.018488750000000005,0.0022135830774518022
3,17,4,18,0.0092443750000000026,0.0011067915387259011
3,18,4,19,0.0046221875000000013,0.00055339576936295056
3,19,4,20,0.0023110937500000006,0.00027669788468147528
3,20,4,21,0.0011555468750000003,0.00013834894234073764
3,21,4,22,0.00057777343750000016,6.9174471170368819e-05
3,22,4,23,0.00028888671875000008,3.458723558518441e-05
3,23,4,24,0.00014444335937500004,1.7293617792592205e-05
4,4,0,5,-0.23299840449375001,-0.027895954310628617
4,5,5,6,0.017001595506250002,0.0020355320993747875
4,6,5,7,0.0085007977531250008,0.0010177660496873938
4,7,5,8,0.0042503988765625004,0.00050888302484369688
4,8,5,9,0.0021251994382812502,0.00025444151242184844
4,9,5,10,0.0010625997191406251,0.00012722075621092422
4,10,5,11,0.00053129985957031255,6.361037810546211e-05
4,11,5,12,0.00026564992978515627,3.1805189052731055e-05
4,12,5,13,-0.14791000000000004,-0.017708664619614418
4,13,5,14,0.073955000000000021,0.0088543323098072089
4,14,5,15,0.03697750000000001,0.0044271661549036044
4,15,5,16,0.018488750000000005,0.0022135830774518022
4,16,5,17,0.0092443750000000026,0.0011067915387259011
4,17,5,18,0.0046221875000000013,0.00055339576936295056
4,18,5,19,0.0023110937500000006,0.00027669788468147528
4,19,5,20,0.0011555468750000003,0.00013834894234073764
4,20,5,21,0.00057777343750000016,6.9174471170368819e-05
4,21,5,22,0.00028888671875000008,3.458723558518441e-05
4,22,5,23,0.00014444335937500004,1.7293617792592205e-05
4,23,5,24,7.222167968750002e-05,8.6468088962961024e-06
5,5,0,6,-0.12074960112343749,-0.014456860180158003
5,6,6,7,0.0042503988765625004,0.00050888302484369688
5,7,6,8,0.0021251994382812502,0.00025444151242184844
5,8,6,9,0.0010625997191406251,0.00012722075621092422
5,9,6,10,0.00053129985957031255,6.361037810546211e-05
5,10,6,11,0.00026564992978515627,3.1805189052731055e-05
5,11,6,12,0.00013282496489257814,1.5902594526365528e-05
5,12,6,13,-0.073955000000000021,-0.0088543323098072089
5,13,6,14,0.03697750000000001,0.0044271661549036044
5,14,6,15,0.018488750000000005,0.0022135830774518022
5,15,6,16,0.0092443750000000026,0.0011067915387259011
5,16,6,17,0.0046221875000000013,0.00055339576936295056
5,17,6,18,0.0023110937500000006,0.00027669788468147528
5,18,6,19,0.0011555468750000003,0.00013834894234073764
5,19,6,20,0.00057777343750000016,6.9174471170368819e-05
5,20,6,21,0.00028888671875000008,3.458723558518441e-05
5,21,6,22,0.00014444335937500004,1.7293617792592205e-05
5,22,6,23,7.222167968750002e-05,8.6468088962961024e-06
5,23,6,24,3.611083984375001e-05,4.3234044481480512e-06
6,6,0,7,-0.061437400280859374,-0.0073556508462899262
6,7,7,8,0.0010625997191406251,0.00012722075621092422
6,8,7,9,0.00053129985957031255,6.361037810546211e-05
6,9,7,10,0.00026564992978515627,3.1805189052731055e-05
6,10,7,11,0.00013282496489257814,1.5902594526365528e-05
6,11,7,12,6.6412482446289069e-05,7.9512972631827638e-06
6,12,7,13,-0.03697750000000001,-0.0044271661549036044
6,13,7,14,0.018488750000000005,0.0022135830774518022
6,14,7,15,0.0092443750000000026,0.0011067915387259011
6,15,7,16,0.0046221875000000013,0.00055339576936295056
6,16,7,17,0.0023110937500000006,0.00027669788468147528
6,17,7,18,0.0011555468750000003,0.00013834894234073764
6,18,7,19,0.00057777343750000016,6.9174471170368819e-05
6,19,7,20,0.00028888671875000008,3.458723558518441e-05
6,20,7,21,0.00014444335937500004,1.7293617792592205e-05
6,21,7,22,7.222167968750002e-05,8.6468088962961024e-06
6,22,7,23,3.611083984375001e-05,4.3234044481480512e-06
6,23,7,24,1.8055419921875005e-05,2.1617022240740256e-06
7,7,0,8,-0.030984350070214845,-0.0037096306121976942
7,8,8,9,0.00026564992978515627,3.1805189052731055e-05
7,9,8,10,0.00013282496489257814,1.5902594526365528e-05
7,10,8,11,6.6412482446289069e-05,7.9512972631827638e-06
7,11,8,12,3.3206241223144534e-05,3.9756486315913819e-06
7,12,8,13,-0.018488750000000005,-0.0022135830774518022
7,13,8,14,0.0092443750000000026,0.0011067915387259011
7,14,8,15,0.0046221875000000013,0.00055339576936295056
7,15,8,16,0.0023110937500000006,0.00027669788468147528
7,16,8,17,0.0011555468750000003,0.00013834894234073764
7,17,8,18,0.00057777343750000016,6.9174471170368819e-05
7,18,8,19,0.00028888671875000008,3.458723558518441e-05
7,19,8,20,0.00014444335937500004,1.7293617792592205e-05
7,20,8,21,7.222167968750002e-05,8.6468088962961024e-06
7,21,8,22,3.611083984375001e-05,4.3234044481480512e-06
7,22,8,23,1.8055419921875005e-05,2.1617022240740256e-06
7,23,8,24,9.0277099609375025e-06,1.0808511120370128e-06
8,8,0,9,-0.01555858751755371,-0.0018627666033620299
8,9,9,10,6.6412482446289069e-05,7.9512972631827638e-06
8,10,9,11,3.3206241223144534e-05,3.9756486315913819e-06
8,11,9,12,1.6603120611572267e-05,1.9878243157956909e-06
8,12,9,13,-0.0092443750000000026,-0.0011067915387259011
8,13,9,14,0.0046221875000000013,0.00055339576936295056
8,14,9,15,0.0023110937500000006,0.00027669788468147528
8,15,9,16,0.0011555468750000003,0.00013834894234073764
8,16,9,17,0.00057777343750000016,6.9174471170368819e-05
8,17,9,18,0.00028888671875000008,3.458723558518441e-05
8,18,9,19,0.00014444335937500004,1.7293617792592205e-05
8,19,9,20,7.222167968750002e-05,8.6468088962961024e-06
8,20,9,21,3.611083984375001e-05,4.3234044481480512e-06
8,21,9,22,1.8055419921875005e-05,2.1617022240740256e-06
8,22,9,23,9.0277099609375025e-06,1.0808511120370128e-06
8,23,9,24,4.5138549804687513e-06,5.404255560185064e-07
9,9,0,10,-0.0077958968793884276,-0.00093337112599681065
9,10,10,11,1.6603120611572267e-05,1.9878243157956909e-06
9,11,10,12,8.3015603057861336e-06,9.9391215789784547e-07
9,12,10,13,-0.0046221875000000013,-0.00055339576936295056
9,13,10,14,0.0023110937500000006,0.00027669788468147528
9,14,10,15,0.0011555468750000003,0.00013834894234073764
9,15,10,16,0.00057777343750000016,6.9174471170368819e-05
9,16,10,17,0.00028888671875000008,3.458723558518441e-05
9,17,10,18,0.00014444335937500004,1.7293617792592205e-05
9,18,10,19,7.222167968750002e-05,8.6468088962961024e-06
9,19,10,20,3.611083984375001e-05,4.3234044481480512e-06
9,20,10,21,1.8055419921875005e-05,2.1617022240740256e-06
9,21,10,22,9.0277099609375025e-06,1.0808511120370128e-06
9,22,10,23,4.5138549804687513e-06,5.404255560185064e-07
9,23,10,24,2.2569274902343756e-06,2.702127780092532e-07
10,10,0,11,-0.0039020992198471071,-0.00046718251907735425
10,11,11,12,4.1507801528930668e-06,4.9695607894892274e-07
10,12,11,13,-0.0023110937500000006,-0.00027669788468147528
10,13,11,14,0.0011555468750000003,0.00013834894234073764
10,14,11,15,0.00057777343750000016,6.9174471170368819e-05
10,15,11,16,0.00028888671875000008,3.458723558518441e-05
10,16,11,17,0.00014444335937500004,1.7293617792592205e-05
10,17,11,18,7.222167968750002e-05,8.6468088962961024e-06
10,18,11,19,3.611083984375001e-05,4.3234044481480512e-06
10,19,11,20,1.8055419921875005e-05,2.1617022240740256e-06
10,20,11,21,9.0277099609375025e-06,1.0808511120370128e-06
10,21,11,22,4.5138549804687513e-06,5.404255560185064e-07
10,22,11,23,2.2569274902343756e-06,2.702127780092532e-07
10,23,11,24,1.1284637451171878e-06,1.351063890046266e-07
11,11,0,12,-0.0019520873049617767,-0.00023371549855841434
11,12,12,13,-0.0011555468750000003,-0.00013834894234073764
11,13,12,14,0.00057777343750000016,6.9174471170368819e-05
11,14,12,15,0.00028888671875000008,3.458723558518441e-05
11,15,12,16,0.00014444335937500004,1.7293617792592205e-05
11,16,12,17,7.222167968750002e-05,8.6468088962961024e-06
11,17,12,18,3.611083984375001e-05,4.3234044481480512e-06
11,18,12,19,1.8055419921875005e-05,2.1617022240740256e-06
11,19,12,20,9.0277099609375025e-06,1.0808511120370128e-06
11,20,12,21,4.5138549804687513e-06,5.404255560185064e-07
11,21,12,22,2.2569274902343756e-06,2.702127780092532e-07
11,22,12,23,1.1284637451171878e-06,1.351063890046266e-07
11,23,12,24,5.6423187255859391e-07,6.75531945023133e-08
12,12,0,13,3.9960039999999997,0.47842535768127692
12,13,13,14,-4.0000039999999997,-0.47890426146383697
12,14,13,15,-2.0000019999999998,-0.23945213073191848
12,15,13,16,-1.0000009999999999,-0.11972606536595924
12,16,13,17,-0.50000049999999996,-0.059863032682979621
12,17,13,18,-0.25000024999999998,-0.02993151634148981
12,18,13,19,-0.12500012499999999,-0.014965758170744905
12,19,13,20,-0.062500062499999995,-0.0074828790853724526
12,20,13,21,-0.031250031249999997,-0.0037414395426862263
12,21,13,22,-0.015625015624999999,-0.0018707197713431132
12,22,13,23,-0.0078125078124999994,-0.00093535988567155658
12,23,13,24,-0.0039062539062499997,-0.00046767994283577829
13,13,0,14,1.0020009999999999,0.11996551725723927
13,14,14,15,1.0000009999999999,0.11972606536595924
13,15,14,16,0.50000049999999996,0.059863032682979621
13,16,14,17,0.25000024999999998,0.02993151634148981
13,17,14,18,0.12500012499999999,0.014965758170744905
13,18,14,19,0.062500062499999995,0.0074828790853724526
13,19,14,20,0.031250031249999997,0.0037414395426862263
13,20,14,21,0.015625015624999999,0.0018707197713431132
13,21,14,22,0.0078125078124999994,0.00093535988567155658
13,22,14,23,0.0039062539062499997,0.00046767994283577829
13,23,14,24,0.0019531269531249998,0.00023383997141788914
14,14,0,15,0.25100024999999998,0.030051242287129822
14,15,15,16,0.25000024999999998,0.02993151634148981
14,16,15,17,0.12500012499999999,0.014965758170744905
14,17,15,18,0.062500062499999995,0.0074828790853724526
14,18,15,19,0.031250031249999997,0.0037414395426862263
14,19,15,20,0.015625015624999999,0.0018707197713431132
14,20,15,21,0.0078125078124999994,0.00093535988567155658
14,21,15,22,0.0039062539062499997,0.00046767994283577829
14,22,15,23,0.0019531269531249998,0.00023383997141788914
14,23,15,24,0.00097656347656249992,0.00011691998570894457
15,15,0,16,0.063000062499999995,0.0075427420581924594
15,16,16,17,0.062500062499999995,0.0074828790853724526
15,17,16,18,0.031250031249999997,0.0037414395426862263
15,18,16,19,0.015625015624999999,0.0018707197713431132
15,19,16,20,0.0078125078124999994,0.00093535988567155658
15,20,16,21,0.0039062539062499997,0.00046767994283577829
15,21,16,22,0.0019531269531249998,0.00023383997141788914
15,22,16,23,0.00097656347656249992,0.00011691998570894457
15,23,16,24,0.00048828173828124996,5.8459992854472286e-05
16,16,0,17,0.015875015624999999,0.0019006512577531165
16,17,17,18,0.015625015624999999,0.0018707197713431132
16,18,17,19,0.0078125078124999994,0.00093535988567155658
16,19,17,20,0.0039062539062499997,0.00046767994283577829
16,20,17,21,0.0019531269531249998,0.00023383997141788914
16,21,17,22,0.00097656347656249992,0.00011691998570894457
16,22,17,23,0.00048828173828124996,5.8459992854472286e-05
16,23,17,24,0.00024414086914062498,2.9229996427236143e-05
17,17,0,18,0.0040312539062499998,0.00048264568604077998
17,18,18,19,0.0039062539062499997,0.00046767994283577829
17,19,18,20,0.0019531269531249998,0.00023383997141788914
17,20,18,21,0.00097656347656249992,0.00011691998570894457
17,21,18,22,0.00048828173828124996,5.8459992854472286e-05
17,22,18,23,0.00024414086914062498,2.9229996427236143e-05
17,23,18,24,0.00012207043457031249,1.4614998213618071e-05
18,18,0,19,0.0010390634765625,0.00012440285731144543
18,19,19,20,0.00097656347656249992,0.00011691998570894457
18,20,19,21,0.00048828173828124996,5.8459992854472286e-05
18,21,19,22,0.00024414086914062498,2.9229996427236143e-05
18,22,19,23,0.00012207043457031249,1.4614998213618071e-05
18,23,19,24,6.1035217285156245e-05,7.3074991068090357e-06
19,19,0,20,0.00027539086914062495,3.2971432228486563e-05
19,20,20,21,0.00024414086914062498,2.9229996427236143e-05
19,21,20,22,0.00012207043457031249,1.4614998213618071e-05
19,22,20,23,6.1035217285156245e-05,7.3074991068090357e-06
19,23,20,24,3.0517608642578122e-05,3.6537495534045179e-06
20,20,0,21,7.6660217285156245e-05,9.1782170074342484e-06
20,21,21,22,6.1035217285156245e-05,7.3074991068090357e-06
20,22,21,23,3.0517608642578122e-05,3.6537495534045179e-06
20,23,21,24,1.5258804321289061e-05,1.8268747767022589e-06
21,21,0,22,2.3071304321289061e-05,2.7622337270148651e-06
21,22,22,23,1.5258804321289061e-05,1.8268747767022589e-06
21,23,22,24,7.6294021606445306e-06,9.1343738835112947e-07
22,22,0,23,7.7209510803222662e-06,9.2439816933186795e-07
22,23,23,24,3.8147010803222653e-06,4.5671869417556473e-07
23,23,0,24,2.9068002700805666e-06,3.4801941112204278e-07
