index,dense_ground_truth,qci_quantum,abs_error
1,0.012976197370494725,0.012983859699837421,7.66232934269577e-06
2,0.012976197370494722,0.012976448688394414,2.513178996924048e-07
3,0.02490114040244921,0.02491549731302955,1.4356910580336918e-05
4,0.024901140402449205,0.02489899258115125,2.147821297954211e-06
5,0.034808741131781465,0.03478995181354182,1.8789318239648134e-05
6,0.03480874113178146,0.034843867658274165,3.512652649270698e-05
7,0.041896344670171316,0.041876229741433124,2.011492873819215e-05
8,0.0418963446701713,0.04187275127816518,2.3593392006124314e-05
9,0.045589755530539684,0.04556231171255024,2.7443817989442065e-05
10,0.04558975553053967,0.045439412445265163,0.0001503430852745069
11,0.04558975553053969,0.04547583366149246,0.00011392186904723295
12,0.04558975553053968,0.04549335241802406,9.640311251561673e-05
13,0.041896344670171316,0.04185232445403694,4.402021613437307e-05
14,0.04189634467017131,0.041791701414312744,0.00010464325585856499
15,0.034808741131781465,0.03474249607784037,6.624505394109415e-05
16,0.03480874113178146,0.034744332347482546,6.440878429891245e-05
17,0.024901140402449208,0.02484765768671914,5.348271573006949e-05
18,0.024901140402449208,0.02478490651803526,0.00011623388441394863
19,0.012976197370494727,0.012961733874139814,1.446349635491305e-05
20,0.012976197370494727,0.012911493383651943,6.470398684278386e-05
