qci_id,pde_id,pde_name,size_desc,block,column,B,M,K,bits,gamma,A_cond_2,S_cond_2,S00,S01,S10,S11,exact_inv_y0,exact_inv_y1,global_min_energy,second_energy,energy_gap,normalized_energy_gap,inverse_residual,global_min_i0_code,global_min_i1_code,global_min_bitstring,decoded_y0,decoded_y1,range_lower,range_upper,clip_ratio,coeff_scale,coef_min_before_norm,coef_dyn_before_norm,safe_prune_tau,safe_pruned_abs_sum,num_terms_submitted,coef_min_after_prune,coef_dyn_after_prune,terms_file,term_hash,representative_qci_id,unique_id,hw_unique_id,hw_representative_qci_id,hw_pde_id,hw_pde_name,hw_block,hw_column,hw_bits,hw_terms,hw_terms_file,hw_relaxation_schedule,hw_num_samples,hw_elapsed_wall_seconds,hw_device_usage_s,hw_job_id,hw_status,hw_polynomial_file_id,hw_exact_bitstring,hw_exact_submitted_energy_no_constant,hw_stored_global_min_energy_with_constant,hw_stored_normalized_energy_gap,hw_exact_inverse_residual,hw_exact_decoded_y0,hw_exact_decoded_y1,hw_num_returned_unique_solutions,hw_best_bitstring,hw_best_computed_submitted_energy,hw_best_submitted_energy_gap_to_exact,hw_best_inverse_residual,hw_best_decoded_y0,hw_best_decoded_y1,hw_strict_exact_hit_any,hw_residual_quality_hit_any_1p05,hw_error,hw_available
QCI-001,heat1d_N20,Heat 1D,N=20,1,0,2,1,10,24,0.6,1.1394339187575455,1.0681554748473845,1.07056,-0.03528,-0.03528,1.07056,0.9351061070531832,0.0308161555231246,6.635876684568717e-08,1.4399010156248144e-07,7.763133471679428e-08,1.8389433802599305e-08,0.0002576019542738,966,2752,011000111100000000110101,0.93515625,0.0310546874999999,-1.2,1.1994140625,0.7792550892109861,4.221518484479999,5.1868318359375e-08,81389152.72384141,1e-08,0.0,300,1.2286649590677812e-08,81389152.72384141,QCI-001_heat1d_N20_block01_col0_normalized_terms.csv,6a1f44503a90036c9d212f2255d2a93d9301a95e1765738f79e4193b989a5ffe,QCI-001,UQCI-001,UQCI-001,QCI-001,heat1d_N20,Heat 1D,1,0,24,300,QCI-001_heat1d_N20_block01_col0_normalized_terms.csv,1,20,15.621219873428345,8,6a8cda0508442f441bbb6a3c,COMPLETED,6a8cda05ff2f309fb9d1b3d3,011000111100000000110101,-0.23688157171824173,6.635876684568717e-08,1.8389433802599305e-08,0.0002576019542738187,0.9351562499999999,0.031054687499999997,14,011000111100000000110101,-0.23688157171824173,0.0,0.0002576019542738187,0.9351562499999999,0.031054687499999997,True,True,,True
QCI-002,heat1d_N20,Heat 1D,N=20,1,1,2,1,10,24,0.6,1.1394339187575455,1.0681554748473845,1.07056,-0.03528,-0.03528,1.07056,0.0308161555231246,0.9351061070531832,6.635876684568717e-08,1.4399010156248144e-07,7.763133471679428e-08,1.8389433802599305e-08,0.0002576019542738,2752,966,000000110101011000111100,0.0310546874999999,0.93515625,-1.2,1.1994140625,0.7792550892109861,4.221518484479999,5.1868318359375e-08,81389152.72384141,1e-08,0.0,300,1.2286649590677812e-08,81389152.72384141,QCI-002_heat1d_N20_block01_col1_normalized_terms.csv,8e76457262fe5fddb7126aa982648e7e4b7db19f9032b7f8aac95dedd727d1a3,QCI-002,UQCI-002,UQCI-002,QCI-002,heat1d_N20,Heat 1D,1,1,24,300,QCI-002_heat1d_N20_block01_col1_normalized_terms.csv,1,20,15.661584377288818,8,6a8cda1508442f441bbb6a3d,COMPLETED,6a8cda15ff2f309fb9d1b3d7,000000110101011000111100,-0.23688157171824173,6.635876684568717e-08,1.8389433802599305e-08,0.0002576019542738161,0.031054687499999997,0.9351562499999999,11,000000110100011000111011,-0.23688148327422057,8.844402116237049e-08,0.0006631190218642052,0.03046875,0.9345703125,False,False,,True
QCI-003,heat1d_N20,Heat 1D,N=20,2,0,2,1,10,24,0.6,1.1394339187575455,1.0682034013464805,1.0693960936268427,-0.03528,-0.03528,1.07056,0.9361249629561528,0.0308497316293277,8.916260162849054e-08,2.254742257538009e-07,1.363116241253104e-07,3.2338587328623306e-08,0.0002986010743928,1990,2752,011000111110000000110101,0.936328125,0.0310546874999999,-1.2,1.1994140625,0.780104135796794,4.215138488893087,5.1840122897979364e-08,81310349.07437278,1e-08,0.0,300,1.2298557457739138e-08,81310349.07437278,QCI-003_heat1d_N20_block02_col0_normalized_terms.csv,9065e4b6ca90c5c6de97f07bf74b4e2044b487588760c1e8bcfa7d38dc30b26e,QCI-003,UQCI-003,UQCI-003,QCI-003,heat1d_N20,Heat 1D,2,0,24,300,QCI-003_heat1d_N20_block02_col0_normalized_terms.csv,1,20,122.22033953666687,8,6a8cd84708442f441bbb6a3a,COMPLETED,6a8cd847ff2f309fb9d1b3cb,011000111110000000110101,-0.23724010811801402,8.916260162849054e-08,3.2338587328623306e-08,0.0002986010743928854,0.936328125,0.031054687499999997,14,011000111110000000110101,-0.23724010811801402,0.0,0.0002986010743928854,0.936328125,0.031054687499999997,True,True,,True
QCI-004,heat1d_N20,Heat 1D,N=20,2,1,2,1,10,24,0.6,1.1394339187575455,1.0682034013464805,1.0693960936268427,-0.03528,-0.03528,1.07056,0.0308497316293277,0.9351072135442038,4.933304497400948e-08,1.7175169923523437e-07,1.224186542612249e-07,2.8998725153350665e-08,0.0002221104341853,2752,966,000000110101011000111100,0.0310546874999999,0.93515625,-1.2,1.1994140625,0.7792560112868365,4.221518484479999,5.1840122897979364e-08,81433419.68513246,1e-08,0.0,300,1.2279970605023883e-08,81433419.68513246,QCI-004_heat1d_N20_block02_col1_normalized_terms.csv,ce8f5c41d5e0173474e34c8ac11794b2a80024591c987cca72b1413d2242b667,QCI-004,UQCI-004,UQCI-004,QCI-004,heat1d_N20,Heat 1D,2,1,24,300,QCI-004_heat1d_N20_block02_col1_normalized_terms.csv,1,20,15.538377285003662,8,6a8cda2508442f441bbb6a3e,COMPLETED,6a8cda24ff2f309fb9d1b3db,000000110101011000111100,-0.23688157575132188,4.933304497400948e-08,2.8998725153350665e-08,0.00022211043418537006,0.031054687499999997,0.9351562499999999,10,000000110011011000111100,-0.23688133153937194,2.4421194994017625e-07,0.001039364375810681,0.029882812499999998,0.9351562499999999,False,False,,True
QCI-005,heat1d_N20,Heat 1D,N=20,3,0,2,1,10,24,0.6,1.1394339187575455,1.0682034014145727,1.0693960922496173,-0.03528,-0.03528,1.07056,0.9361249641630566,0.0308497316691008,8.916205994849283e-08,2.254736307595937e-07,1.363115708111009e-07,3.2338574738254024e-08,0.0002986001673619,1990,2752,011000111110000000110101,0.936328125,0.0310546874999999,-1.2,1.1994140625,0.7801041368025472,4.215138481346084,5.184012286461629e-08,81310348.98111993,1e-08,0.0,300,1.2298557471844052e-08,81310348.98111993,QCI-005_heat1d_N20_block03_col0_normalized_terms.csv,10a2f10bc60b4e10979875b38b82037b0f8815d08a1a1adc7e3eccd0600673af,QCI-005,UQCI-005,UQCI-005,QCI-005,heat1d_N20,Heat 1D,3,0,24,300,QCI-005_heat1d_N20_block03_col0_normalized_terms.csv,1,20,15.642415285110474,8,6a8cda3408442f441bbb6a3f,COMPLETED,6a8cda34ff2f309fb9d1b3df,011000111110000000110101,-0.23724010854290953,8.916205994849283e-08,3.2338574738254024e-08,0.00029860016736195545,0.936328125,0.031054687499999997,10,011000111110000000110101,-0.23724010854290953,0.0,0.00029860016736195545,0.936328125,0.031054687499999997,True,True,,True
QCI-006,heat1d_N20,Heat 1D,N=20,3,1,2,1,10,24,0.6,1.1394339187575455,1.0682034014145727,1.0693960922496173,-0.03528,-0.03528,1.07056,0.0308497316691008,0.9351072135455144,4.93330263737273e-08,1.7175173357303888e-07,1.2241870719931157e-07,2.8998737693408665e-08,0.0002221103923136,2752,966,000000110101011000111100,0.0310546874999999,0.93515625,-1.2,1.1994140625,0.7792560112879287,4.221518484479999,5.184012286461629e-08,81433419.7375411,1e-08,0.0,300,1.2279970597120785e-08,81433419.73754111,QCI-006_heat1d_N20_block03_col1_normalized_terms.csv,fdc9acecaae57f6b548bf01545ea47d8f28e590db9fa56084bf9e62518021e3d,QCI-006,UQCI-006,UQCI-006,QCI-006,heat1d_N20,Heat 1D,3,1,24,300,QCI-006_heat1d_N20_block03_col1_normalized_terms.csv,1,20,15.538504362106323,8,6a8cda4408442f441bbb6a40,COMPLETED,6a8cda44ff2f309fb9d1b3e3,000000110101011000111100,-0.23688157575132632,4.93330263737273e-08,2.8998737693408665e-08,0.00022211039231366408,0.031054687499999997,0.9351562499999999,9,000000110101011000111100,-0.23688157575132632,0.0,0.00022211039231366408,0.031054687499999997,0.9351562499999999,True,True,,True
QCI-007,heat1d_N20,Heat 1D,N=20,4,0,2,1,10,24,0.6,1.1394339187575455,1.0682034014145732,1.0693960922496155,-0.03528,-0.03528,1.07056,0.936124964163058,0.0308497316691009,8.91620599479332e-08,2.25473630758979e-07,1.363115708110458e-07,3.233857473824102e-08,0.0002986001673608,1990,2752,011000111110000000110101,0.936328125,0.0310546874999999,-1.2,1.1994140625,0.7801041368025484,4.215138481346076,5.184012286461625e-08,81310348.98111981,1e-08,0.0,300,1.2298557471844072e-08,81310348.98111981,QCI-007_heat1d_N20_block04_col0_normalized_terms.csv,f3ba41792bedbb538c4fc99a5a756e0b1a3e9cfb686533a56707ed7dba291741,QCI-007,UQCI-007,UQCI-007,QCI-007,heat1d_N20,Heat 1D,4,0,24,300,QCI-007_heat1d_N20_block04_col0_normalized_terms.csv,1,20,18.106066942214966,8,6a8cda5408442f441bbb6a41,COMPLETED,6a8cda54ff2f309fb9d1b3e7,011000111110000000110101,-0.23724010854291,8.91620599479332e-08,3.233857473824102e-08,0.000298600167360706,0.936328125,0.031054687499999997,9,011000111101000000110101,-0.2372400756562809,3.2886629086625874e-08,0.00047726696489254825,0.9357421874999999,0.031054687499999997,False,False,,True
QCI-008,heat1d_N20,Heat 1D,N=20,4,1,2,1,10,24,0.6,1.1394339187575455,1.0682034014145732,1.0693960922496155,-0.03528,-0.03528,1.07056,0.0308497316691009,0.9351072135455144,4.9333026373706176e-08,1.7175173357307864e-07,1.2241870719937245e-07,2.8998737693423085e-08,0.0002221103923136,2752,966,000000110101011000111100,0.0310546874999999,0.93515625,-1.2,1.1994140625,0.7792560112879287,4.221518484479999,5.184012286461625e-08,81433419.73754115,1e-08,0.0,300,1.2279970597120777e-08,81433419.73754115,QCI-008_heat1d_N20_block04_col1_normalized_terms.csv,01f3d2014212e6c6af45eb26dcf622ea159051742e380074e6fc2245b752fbff,QCI-008,UQCI-008,UQCI-008,QCI-008,heat1d_N20,Heat 1D,4,1,24,300,QCI-008_heat1d_N20_block04_col1_normalized_terms.csv,1,20,15.543881177902222,8,6a8cda6608442f441bbb6a42,COMPLETED,6a8cda66ff2f309fb9d1b3eb,000000110101011000111100,-0.23688157575132632,4.9333026373706176e-08,2.8998737693423085e-08,0.0002221103923136101,0.031054687499999997,0.9351562499999999,12,000000110101011000111011,-0.236881493764076,8.198725032215748e-08,0.0006288431593859491,0.031054687499999997,0.9345703125,False,False,,True
QCI-009,heat1d_N20,Heat 1D,N=20,5,0,2,1,10,24,0.6,1.1394339187575455,1.0682034014145732,1.0693960922496155,-0.03528,-0.03528,1.07056,0.936124964163058,0.0308497316691009,8.91620599479332e-08,2.25473630758979e-07,1.363115708110458e-07,3.233857473824102e-08,0.0002986001673608,1990,2752,011000111110000000110101,0.936328125,0.0310546874999999,-1.2,1.1994140625,0.7801041368025484,4.215138481346076,5.184012286461625e-08,81310348.98111981,1e-08,0.0,300,1.2298557471844072e-08,81310348.98111981,QCI-009_heat1d_N20_block05_col0_normalized_terms.csv,f3ba41792bedbb538c4fc99a5a756e0b1a3e9cfb686533a56707ed7dba291741,QCI-007,UQCI-007,UQCI-007,QCI-007,heat1d_N20,Heat 1D,4,0,24,300,QCI-007_heat1d_N20_block04_col0_normalized_terms.csv,1,20,18.106066942214966,8,6a8cda5408442f441bbb6a41,COMPLETED,6a8cda54ff2f309fb9d1b3e7,011000111110000000110101,-0.23724010854291,8.91620599479332e-08,3.233857473824102e-08,0.000298600167360706,0.936328125,0.031054687499999997,9,011000111101000000110101,-0.2372400756562809,3.2886629086625874e-08,0.00047726696489254825,0.9357421874999999,0.031054687499999997,False,False,,True
QCI-010,heat1d_N20,Heat 1D,N=20,5,1,2,1,10,24,0.6,1.1394339187575455,1.0682034014145732,1.0693960922496155,-0.03528,-0.03528,1.07056,0.0308497316691009,0.9351072135455144,4.9333026373706176e-08,1.7175173357307864e-07,1.2241870719937245e-07,2.8998737693423085e-08,0.0002221103923136,2752,966,000000110101011000111100,0.0310546874999999,0.93515625,-1.2,1.1994140625,0.7792560112879287,4.221518484479999,5.184012286461625e-08,81433419.73754115,1e-08,0.0,300,1.2279970597120777e-08,81433419.73754115,QCI-010_heat1d_N20_block05_col1_normalized_terms.csv,01f3d2014212e6c6af45eb26dcf622ea159051742e380074e6fc2245b752fbff,QCI-008,UQCI-008,UQCI-008,QCI-008,heat1d_N20,Heat 1D,4,1,24,300,QCI-008_heat1d_N20_block04_col1_normalized_terms.csv,1,20,15.543881177902222,8,6a8cda6608442f441bbb6a42,COMPLETED,6a8cda66ff2f309fb9d1b3eb,000000110101011000111100,-0.23688157575132632,4.9333026373706176e-08,2.8998737693423085e-08,0.0002221103923136101,0.031054687499999997,0.9351562499999999,12,000000110101011000111011,-0.236881493764076,8.198725032215748e-08,0.0006288431593859491,0.031054687499999997,0.9345703125,False,False,,True
QCI-011,heat1d_N20,Heat 1D,N=20,6,0,2,1,10,24,0.6,1.1394339187575455,1.0682034014145732,1.0693960922496155,-0.03528,-0.03528,1.07056,0.936124964163058,0.0308497316691009,8.91620599479332e-08,2.25473630758979e-07,1.363115708110458e-07,3.233857473824102e-08,0.0002986001673608,1990,2752,011000111110000000110101,0.936328125,0.0310546874999999,-1.2,1.1994140625,0.7801041368025484,4.215138481346076,5.184012286461625e-08,81310348.98111981,1e-08,0.0,300,1.2298557471844072e-08,81310348.98111981,QCI-011_heat1d_N20_block06_col0_normalized_terms.csv,f3ba41792bedbb538c4fc99a5a756e0b1a3e9cfb686533a56707ed7dba291741,QCI-007,UQCI-007,UQCI-007,QCI-007,heat1d_N20,Heat 1D,4,0,24,300,QCI-007_heat1d_N20_block04_col0_normalized_terms.csv,1,20,18.106066942214966,8,6a8cda5408442f441bbb6a41,COMPLETED,6a8cda54ff2f309fb9d1b3e7,011000111110000000110101,-0.23724010854291,8.91620599479332e-08,3.233857473824102e-08,0.000298600167360706,0.936328125,0.031054687499999997,9,011000111101000000110101,-0.2372400756562809,3.2886629086625874e-08,0.00047726696489254825,0.9357421874999999,0.031054687499999997,False,False,,True
QCI-012,heat1d_N20,Heat 1D,N=20,6,1,2,1,10,24,0.6,1.1394339187575455,1.0682034014145732,1.0693960922496155,-0.03528,-0.03528,1.07056,0.0308497316691009,0.9351072135455144,4.9333026373706176e-08,1.7175173357307864e-07,1.2241870719937245e-07,2.8998737693423085e-08,0.0002221103923136,2752,966,000000110101011000111100,0.0310546874999999,0.93515625,-1.2,1.1994140625,0.7792560112879287,4.221518484479999,5.184012286461625e-08,81433419.73754115,1e-08,0.0,300,1.2279970597120777e-08,81433419.73754115,QCI-012_heat1d_N20_block06_col1_normalized_terms.csv,01f3d2014212e6c6af45eb26dcf622ea159051742e380074e6fc2245b752fbff,QCI-008,UQCI-008,UQCI-008,QCI-008,heat1d_N20,Heat 1D,4,1,24,300,QCI-008_heat1d_N20_block04_col1_normalized_terms.csv,1,20,15.543881177902222,8,6a8cda6608442f441bbb6a42,COMPLETED,6a8cda66ff2f309fb9d1b3eb,000000110101011000111100,-0.23688157575132632,4.9333026373706176e-08,2.8998737693423085e-08,0.0002221103923136101,0.031054687499999997,0.9351562499999999,12,000000110101011000111011,-0.236881493764076,8.198725032215748e-08,0.0006288431593859491,0.031054687499999997,0.9345703125,False,False,,True
QCI-013,heat1d_N20,Heat 1D,N=20,7,0,2,1,10,24,0.6,1.1394339187575455,1.0682034014145732,1.0693960922496155,-0.03528,-0.03528,1.07056,0.936124964163058,0.0308497316691009,8.91620599479332e-08,2.25473630758979e-07,1.363115708110458e-07,3.233857473824102e-08,0.0002986001673608,1990,2752,011000111110000000110101,0.936328125,0.0310546874999999,-1.2,1.1994140625,0.7801041368025484,4.215138481346076,5.184012286461625e-08,81310348.98111981,1e-08,0.0,300,1.2298557471844072e-08,81310348.98111981,QCI-013_heat1d_N20_block07_col0_normalized_terms.csv,f3ba41792bedbb538c4fc99a5a756e0b1a3e9cfb686533a56707ed7dba291741,QCI-007,UQCI-007,UQCI-007,QCI-007,heat1d_N20,Heat 1D,4,0,24,300,QCI-007_heat1d_N20_block04_col0_normalized_terms.csv,1,20,18.106066942214966,8,6a8cda5408442f441bbb6a41,COMPLETED,6a8cda54ff2f309fb9d1b3e7,011000111110000000110101,-0.23724010854291,8.91620599479332e-08,3.233857473824102e-08,0.000298600167360706,0.936328125,0.031054687499999997,9,011000111101000000110101,-0.2372400756562809,3.2886629086625874e-08,0.00047726696489254825,0.9357421874999999,0.031054687499999997,False,False,,True
QCI-014,heat1d_N20,Heat 1D,N=20,7,1,2,1,10,24,0.6,1.1394339187575455,1.0682034014145732,1.0693960922496155,-0.03528,-0.03528,1.07056,0.0308497316691009,0.9351072135455144,4.9333026373706176e-08,1.7175173357307864e-07,1.2241870719937245e-07,2.8998737693423085e-08,0.0002221103923136,2752,966,000000110101011000111100,0.0310546874999999,0.93515625,-1.2,1.1994140625,0.7792560112879287,4.221518484479999,5.184012286461625e-08,81433419.73754115,1e-08,0.0,300,1.2279970597120777e-08,81433419.73754115,QCI-014_heat1d_N20_block07_col1_normalized_terms.csv,01f3d2014212e6c6af45eb26dcf622ea159051742e380074e6fc2245b752fbff,QCI-008,UQCI-008,UQCI-008,QCI-008,heat1d_N20,Heat 1D,4,1,24,300,QCI-008_heat1d_N20_block04_col1_normalized_terms.csv,1,20,15.543881177902222,8,6a8cda6608442f441bbb6a42,COMPLETED,6a8cda66ff2f309fb9d1b3eb,000000110101011000111100,-0.23688157575132632,4.9333026373706176e-08,2.8998737693423085e-08,0.0002221103923136101,0.031054687499999997,0.9351562499999999,12,000000110101011000111011,-0.236881493764076,8.198725032215748e-08,0.0006288431593859491,0.031054687499999997,0.9345703125,False,False,,True
QCI-015,heat1d_N20,Heat 1D,N=20,8,0,2,1,10,24,0.6,1.1394339187575455,1.0682034014145732,1.0693960922496155,-0.03528,-0.03528,1.07056,0.936124964163058,0.0308497316691009,8.91620599479332e-08,2.25473630758979e-07,1.363115708110458e-07,3.233857473824102e-08,0.0002986001673608,1990,2752,011000111110000000110101,0.936328125,0.0310546874999999,-1.2,1.1994140625,0.7801041368025484,4.215138481346076,5.184012286461625e-08,81310348.98111981,1e-08,0.0,300,1.2298557471844072e-08,81310348.98111981,QCI-015_heat1d_N20_block08_col0_normalized_terms.csv,f3ba41792bedbb538c4fc99a5a756e0b1a3e9cfb686533a56707ed7dba291741,QCI-007,UQCI-007,UQCI-007,QCI-007,heat1d_N20,Heat 1D,4,0,24,300,QCI-007_heat1d_N20_block04_col0_normalized_terms.csv,1,20,18.106066942214966,8,6a8cda5408442f441bbb6a41,COMPLETED,6a8cda54ff2f309fb9d1b3e7,011000111110000000110101,-0.23724010854291,8.91620599479332e-08,3.233857473824102e-08,0.000298600167360706,0.936328125,0.031054687499999997,9,011000111101000000110101,-0.2372400756562809,3.2886629086625874e-08,0.00047726696489254825,0.9357421874999999,0.031054687499999997,False,False,,True
QCI-016,heat1d_N20,Heat 1D,N=20,8,1,2,1,10,24,0.6,1.1394339187575455,1.0682034014145732,1.0693960922496155,-0.03528,-0.03528,1.07056,0.0308497316691009,0.9351072135455144,4.9333026373706176e-08,1.7175173357307864e-07,1.2241870719937245e-07,2.8998737693423085e-08,0.0002221103923136,2752,966,000000110101011000111100,0.0310546874999999,0.93515625,-1.2,1.1994140625,0.7792560112879287,4.221518484479999,5.184012286461625e-08,81433419.73754115,1e-08,0.0,300,1.2279970597120777e-08,81433419.73754115,QCI-016_heat1d_N20_block08_col1_normalized_terms.csv,01f3d2014212e6c6af45eb26dcf622ea159051742e380074e6fc2245b752fbff,QCI-008,UQCI-008,UQCI-008,QCI-008,heat1d_N20,Heat 1D,4,1,24,300,QCI-008_heat1d_N20_block04_col1_normalized_terms.csv,1,20,15.543881177902222,8,6a8cda6608442f441bbb6a42,COMPLETED,6a8cda66ff2f309fb9d1b3eb,000000110101011000111100,-0.23688157575132632,4.9333026373706176e-08,2.8998737693423085e-08,0.0002221103923136101,0.031054687499999997,0.9351562499999999,12,000000110101011000111011,-0.236881493764076,8.198725032215748e-08,0.0006288431593859491,0.031054687499999997,0.9345703125,False,False,,True
QCI-017,heat1d_N20,Heat 1D,N=20,9,0,2,1,10,24,0.6,1.1394339187575455,1.0682034014145732,1.0693960922496155,-0.03528,-0.03528,1.07056,0.936124964163058,0.0308497316691009,8.91620599479332e-08,2.25473630758979e-07,1.363115708110458e-07,3.233857473824102e-08,0.0002986001673608,1990,2752,011000111110000000110101,0.936328125,0.0310546874999999,-1.2,1.1994140625,0.7801041368025484,4.215138481346076,5.184012286461625e-08,81310348.98111981,1e-08,0.0,300,1.2298557471844072e-08,81310348.98111981,QCI-017_heat1d_N20_block09_col0_normalized_terms.csv,f3ba41792bedbb538c4fc99a5a756e0b1a3e9cfb686533a56707ed7dba291741,QCI-007,UQCI-007,UQCI-007,QCI-007,heat1d_N20,Heat 1D,4,0,24,300,QCI-007_heat1d_N20_block04_col0_normalized_terms.csv,1,20,18.106066942214966,8,6a8cda5408442f441bbb6a41,COMPLETED,6a8cda54ff2f309fb9d1b3e7,011000111110000000110101,-0.23724010854291,8.91620599479332e-08,3.233857473824102e-08,0.000298600167360706,0.936328125,0.031054687499999997,9,011000111101000000110101,-0.2372400756562809,3.2886629086625874e-08,0.00047726696489254825,0.9357421874999999,0.031054687499999997,False,False,,True
QCI-018,heat1d_N20,Heat 1D,N=20,9,1,2,1,10,24,0.6,1.1394339187575455,1.0682034014145732,1.0693960922496155,-0.03528,-0.03528,1.07056,0.0308497316691009,0.9351072135455144,4.9333026373706176e-08,1.7175173357307864e-07,1.2241870719937245e-07,2.8998737693423085e-08,0.0002221103923136,2752,966,000000110101011000111100,0.0310546874999999,0.93515625,-1.2,1.1994140625,0.7792560112879287,4.221518484479999,5.184012286461625e-08,81433419.73754115,1e-08,0.0,300,1.2279970597120777e-08,81433419.73754115,QCI-018_heat1d_N20_block09_col1_normalized_terms.csv,01f3d2014212e6c6af45eb26dcf622ea159051742e380074e6fc2245b752fbff,QCI-008,UQCI-008,UQCI-008,QCI-008,heat1d_N20,Heat 1D,4,1,24,300,QCI-008_heat1d_N20_block04_col1_normalized_terms.csv,1,20,15.543881177902222,8,6a8cda6608442f441bbb6a42,COMPLETED,6a8cda66ff2f309fb9d1b3eb,000000110101011000111100,-0.23688157575132632,4.9333026373706176e-08,2.8998737693423085e-08,0.0002221103923136101,0.031054687499999997,0.9351562499999999,12,000000110101011000111011,-0.236881493764076,8.198725032215748e-08,0.0006288431593859491,0.031054687499999997,0.9345703125,False,False,,True
QCI-019,heat1d_N20,Heat 1D,N=20,10,0,2,1,10,24,0.6,1.1394339187575455,1.0682034014145732,1.0693960922496155,-0.03528,-0.03528,1.07056,0.936124964163058,0.0308497316691009,8.91620599479332e-08,2.25473630758979e-07,1.363115708110458e-07,3.233857473824102e-08,0.0002986001673608,1990,2752,011000111110000000110101,0.936328125,0.0310546874999999,-1.2,1.1994140625,0.7801041368025484,4.215138481346076,5.184012286461625e-08,81310348.98111981,1e-08,0.0,300,1.2298557471844072e-08,81310348.98111981,QCI-019_heat1d_N20_block10_col0_normalized_terms.csv,f3ba41792bedbb538c4fc99a5a756e0b1a3e9cfb686533a56707ed7dba291741,QCI-007,UQCI-007,UQCI-007,QCI-007,heat1d_N20,Heat 1D,4,0,24,300,QCI-007_heat1d_N20_block04_col0_normalized_terms.csv,1,20,18.106066942214966,8,6a8cda5408442f441bbb6a41,COMPLETED,6a8cda54ff2f309fb9d1b3e7,011000111110000000110101,-0.23724010854291,8.91620599479332e-08,3.233857473824102e-08,0.000298600167360706,0.936328125,0.031054687499999997,9,011000111101000000110101,-0.2372400756562809,3.2886629086625874e-08,0.00047726696489254825,0.9357421874999999,0.031054687499999997,False,False,,True
QCI-020,heat1d_N20,Heat 1D,N=20,10,1,2,1,10,24,0.6,1.1394339187575455,1.0682034014145732,1.0693960922496155,-0.03528,-0.03528,1.07056,0.0308497316691009,0.9351072135455144,4.9333026373706176e-08,1.7175173357307864e-07,1.2241870719937245e-07,2.8998737693423085e-08,0.0002221103923136,2752,966,000000110101011000111100,0.0310546874999999,0.93515625,-1.2,1.1994140625,0.7792560112879287,4.221518484479999,5.184012286461625e-08,81433419.73754115,1e-08,0.0,300,1.2279970597120777e-08,81433419.73754115,QCI-020_heat1d_N20_block10_col1_normalized_terms.csv,01f3d2014212e6c6af45eb26dcf622ea159051742e380074e6fc2245b752fbff,QCI-008,UQCI-008,UQCI-008,QCI-008,heat1d_N20,Heat 1D,4,1,24,300,QCI-008_heat1d_N20_block04_col1_normalized_terms.csv,1,20,15.543881177902222,8,6a8cda6608442f441bbb6a42,COMPLETED,6a8cda66ff2f309fb9d1b3eb,000000110101011000111100,-0.23688157575132632,4.9333026373706176e-08,2.8998737693423085e-08,0.0002221103923136101,0.031054687499999997,0.9351562499999999,12,000000110101011000111011,-0.236881493764076,8.198725032215748e-08,0.0006288431593859491,0.031054687499999997,0.9345703125,False,False,,True
QCI-021,poisson2d_10x2,Poisson 2D,"Nx=10, Ny=2, N=20",1,0,2,1,10,24,0.01,26.655602086111447,1.0717131474103585,260.0,-9.0,-9.0,260.0,0.0038507679319895,0.0001332958130304,1.5480041503904695e-06,3.193378448486124e-06,1.645374298095654e-06,4.390896494741874e-08,0.0012441881491119,1304,1792,000110001010000000001110,0.00384765625,0.00013671875,-0.02,0.019990234375,0.1925383965994757,37.4724,8.926391601562499e-07,41979336.86153846,1e-08,0.0,300,2.3821243372622248e-08,41979336.86153846,QCI-021_poisson2d_10x2_block01_col0_normalized_terms.csv,0bdca6f9fe460c2d2750320f66e72a2198217cb8eb3c4a9ff2ab384b8797db93,QCI-021,UQCI-009,UQCI-009,QCI-021,poisson2d_10x2,Poisson 2D,1,0,24,300,QCI-021_poisson2d_10x2_block01_col0_normalized_terms.csv,1,20,15.590652227401733,8,6a8cda7608442f441bbb6a43,COMPLETED,6a8cda76ff2f309fb9d1b3ef,000110001010000000001110,-0.026686266478684377,1.5480041503904695e-06,4.390896494741874e-08,0.0012441881491119654,0.00384765625,0.00013671875,12,000110001010000000001110,-0.026686266478684377,0.0,0.0012441881491119654,0.00384765625,0.00013671875,True,True,,True
QCI-022,poisson2d_10x2,Poisson 2D,"Nx=10, Ny=2, N=20",1,1,2,1,10,24,0.01,26.655602086111447,1.0717131474103585,260.0,-9.0,-9.0,260.0,0.0001332958130304,0.0038507679319895,1.5480041503904695e-06,3.193378448486124e-06,1.645374298095654e-06,4.390896494741874e-08,0.0012441881491118,1792,1304,000000001110000110001010,0.00013671875,0.00384765625,-0.02,0.019990234375,0.1925383965994757,37.4724,8.926391601562499e-07,41979336.86153846,1e-08,0.0,300,2.3821243372622248e-08,41979336.86153846,QCI-022_poisson2d_10x2_block01_col1_normalized_terms.csv,79b30122260dc005bcff6588c2ed23f983f10b75c83b26c494ce7064d19446ff,QCI-022,UQCI-010,UQCI-010,QCI-022,poisson2d_10x2,Poisson 2D,1,1,24,300,QCI-022_poisson2d_10x2_block01_col1_normalized_terms.csv,1,20,15.555020570755005,8,6a8cda8608442f441bbb6a44,COMPLETED,6a8cda85ff2f309fb9d1b3f3,000000001110000110001010,-0.02668626647868438,1.5480041503904695e-06,4.390896494741874e-08,0.001244188149111888,0.00013671875,0.00384765625,15,000000001110000110001010,-0.02668626647868438,0.0,0.001244188149111888,0.00013671875,0.00384765625,True,True,,True
QCI-023,poisson2d_10x2,Poisson 2D,"Nx=10, Ny=2, N=20",2,0,2,1,10,24,0.01,26.655602086111447,1.1136826957668784,203.6209067077416,-10.951583998578178,-10.951583998578178,203.6209067077416,0.0049253347640444,0.0002649051036147,5.229090327142767e-07,1.7860436365211775e-06,1.263134603806901e-06,5.09793026301461e-08,0.0007231244932334,504,3456,000111111000000000011011,0.004921875,0.000263671875,-0.02,0.019990234375,0.246266738202222,24.777400604533945,8.506666044908457e-07,29127040.45712962,3e-08,0.0,300,3.43323586710377e-08,29127040.45712962,QCI-023_poisson2d_10x2_block02_col0_normalized_terms.csv,e9f5f476d9ceef61a23a07d42d89bd90b3a67f511faa1449f0495b9fd765ab84,QCI-023,UQCI-011,UQCI-011,QCI-023,poisson2d_10x2,Poisson 2D,2,0,24,300,QCI-023_poisson2d_10x2_block02_col0_normalized_terms.csv,1,20,15.658374071121216,8,6a8cda9508442f441bbb6a45,COMPLETED,6a8cda95ff2f309fb9d1b3f7,000111111000000000011011,-0.040359337650132145,5.229090327142767e-07,5.09793026301461e-08,0.0007231244932332253,0.004921875,0.000263671875,10,000111111000000000011011,-0.040359337650132145,0.0,0.0007231244932332253,0.004921875,0.000263671875,True,True,,True
QCI-024,poisson2d_10x2,Poisson 2D,"Nx=10, Ny=2, N=20",2,1,2,1,10,24,0.01,26.655602086111447,1.1136826957668784,203.6209067077416,-10.951583998578178,-10.951583998578178,203.6209067077416,0.0002649051036147,0.0049253347640444,5.229090327142767e-07,1.7860436365211775e-06,1.263134603806901e-06,5.09793026301461e-08,0.0007231244932335,3456,504,000000011011000111111000,0.000263671875,0.004921875,-0.02,0.019990234375,0.246266738202222,24.777400604533945,8.506666044908457e-07,29127040.45712962,3e-08,0.0,300,3.43323586710377e-08,29127040.45712962,QCI-024_poisson2d_10x2_block02_col1_normalized_terms.csv,574a7908fa08b88d9c9d4f312b0367a949235fd2e1e52dce214f9f6b5e92ab86,QCI-024,UQCI-012,UQCI-012,QCI-024,poisson2d_10x2,Poisson 2D,2,1,24,300,QCI-024_poisson2d_10x2_block02_col1_normalized_terms.csv,1,20,15.59346079826355,8,6a8cdb5008442f441bbb6a46,COMPLETED,6a8cdb50ff2f309fb9d1b3fb,000000011011000111111000,-0.040359337650132145,5.229090327142767e-07,5.09793026301461e-08,0.0007231244932331208,0.000263671875,0.004921875,10,000000011100000111111000,-0.04035920586326987,1.317868622771612e-07,0.001946341417568574,0.0002734375,0.004921875,False,False,,True
QCI-025,poisson2d_10x2,Poisson 2D,"Nx=10, Ny=2, N=20",3,0,2,1,10,24,0.01,26.655602086111447,1.1471744224693403,187.8881737196253,-12.878475622024007,-12.878475622024007,187.8881737196253,0.0053474380070353,0.0003665310522239,1.1595908230481044e-06,1.7711914556681964e-06,6.11600632620092e-07,2.8180912577929506e-08,0.0010768429890416,580,1600,001000100100000000100110,0.0053515625,0.00037109375,-0.02,0.019990234375,0.2673719003517664,21.702655332002283,9.230473575267056e-07,23511963.015802667,3e-08,0.0,300,4.25315401920243e-08,23511963.015802667,QCI-025_poisson2d_10x2_block03_col0_normalized_terms.csv,d569a93535c880de9ee0a5c2b64e342fdd4e874a5b632d91c2eebc0219c0bdf4,QCI-025,UQCI-013,UQCI-013,QCI-025,poisson2d_10x2,Poisson 2D,3,0,24,300,QCI-025_poisson2d_10x2_block03_col0_normalized_terms.csv,1,20,15.62534475326538,8,6a8cdb6008442f441bbb6a47,COMPLETED,6a8cdb60ff2f309fb9d1b3ff,001000100100000000100110,-0.046077257603340256,1.1595908230481044e-06,2.8180912577929506e-08,0.001076842989041621,0.0053515625,0.00037109375,12,001000100100000000100110,-0.046077257603340256,0.0,0.001076842989041621,0.0053515625,0.00037109375,True,True,,True
QCI-026,poisson2d_10x2,Poisson 2D,"Nx=10, Ny=2, N=20",3,1,2,1,10,24,0.01,26.655602086111447,1.1471744224693403,187.8881737196253,-12.878475622024007,-12.878475622024007,187.8881737196253,0.0003665310522239,0.0053474380070353,1.1595908230481044e-06,1.7711914556681964e-06,6.11600632620092e-07,2.8180912577929506e-08,0.0010768429890416,1600,580,000000100110001000100100,0.00037109375,0.0053515625,-0.02,0.019990234375,0.2673719003517664,21.702655332002283,9.230473575267056e-07,23511963.015802667,3e-08,0.0,300,4.25315401920243e-08,23511963.015802667,QCI-026_poisson2d_10x2_block03_col1_normalized_terms.csv,303d7e7b393e4d6a0e9104c8d6ea182774cf61e7758f1d88cedb82485a09ad16,QCI-026,UQCI-014,UQCI-014,QCI-026,poisson2d_10x2,Poisson 2D,3,1,24,300,QCI-026_poisson2d_10x2_block03_col1_normalized_terms.csv,1,20,15.549960851669312,8,6a8cdb7008442f441bbb6a48,COMPLETED,6a8cdb70ff2f309fb9d1b403,000000100110001000100100,-0.046077257603340256,1.1595908230481044e-06,2.8180912577929506e-08,0.001076842989041472,0.00037109375,0.0053515625,15,000000100101001000100100,-0.04607722942242768,2.818091257572597e-08,0.0013308611706965706,0.000361328125,0.0053515625,False,False,,True
QCI-027,poisson2d_10x2,Poisson 2D,"Nx=10, Ny=2, N=20",4,0,2,1,10,24,0.01,26.655602086111447,1.1717010685696143,181.70816013899577,-14.366381135610736,-14.366381135610736,181.70816013899577,0.005537947594961,0.0004378464115061,1.2317612346719565e-07,2.1635979909154974e-06,2.0404218674483017e-06,9.925183925665092e-08,0.0003509645615545,3780,2880,001000110111000000101101,0.005537109375,0.000439453125,-0.02,0.019990234375,0.2768973797480548,20.558025752772856,9.958224044828048e-07,20644269.15906755,3e-08,0.0,300,4.843959320113649e-08,20644269.15906755,QCI-027_poisson2d_10x2_block04_col0_normalized_terms.csv,c1a98a5bf8c3e605639adc840c0630fdeaa5bb7c0a37cfef9350f4c600c0ba3e,QCI-027,UQCI-015,UQCI-015,QCI-027,poisson2d_10x2,Poisson 2D,4,0,24,300,QCI-027_poisson2d_10x2_block04_col0_normalized_terms.csv,4,100,188.10617876052856,152,6a8cd56308442f441bbb6a39,COMPLETED,6a8cd563ff2f309fb9d1b3c7,001000110111000000101101,-0.048642797165919564,1.2317612346719565e-07,9.925183925665092e-08,0.00035096456155458885,0.005537109375,0.000439453125,26,001000110111000000101101,-0.048642797165919564,0.0,0.00035096456155458885,0.005537109375,0.000439453125,True,True,,True
QCI-028,poisson2d_10x2,Poisson 2D,"Nx=10, Ny=2, N=20",4,1,2,1,10,24,0.01,26.655602086111447,1.1717010685696143,181.70816013899577,-14.366381135610736,-14.366381135610736,181.70816013899577,0.0004378464115061,0.005537947594961,1.2317612346719565e-07,2.1635979909154974e-06,2.0404218674483017e-06,9.925183925665092e-08,0.0003509645615545,2880,3780,000000101101001000110111,0.000439453125,0.005537109375,-0.02,0.019990234375,0.2768973797480548,20.558025752772856,9.958224044828048e-07,20644269.15906755,3e-08,0.0,300,4.843959320113649e-08,20644269.15906755,QCI-028_poisson2d_10x2_block04_col1_normalized_terms.csv,23d52b77f454dd4ee8fb6ab42443b5deddf16de663c0ece8934cc3f541aaff9f,QCI-028,UQCI-016,UQCI-016,QCI-028,poisson2d_10x2,Poisson 2D,4,1,24,300,QCI-028_poisson2d_10x2_block04_col1_normalized_terms.csv,1,20,15.965516567230225,8,6a8cdb8008442f441bbb6a49,COMPLETED,6a8cdb7fff2f309fb9d1b407,000000101101001000110111,-0.048642797165919564,1.2317612346719565e-07,9.925183925665092e-08,0.000350964561554592,0.000439453125,0.005537109375,15,000000101101001000111000,-0.048642677468586096,1.1969733346856026e-07,0.0016074566831343435,0.000439453125,0.005546875,False,False,,True
QCI-029,poisson2d_10x2,Poisson 2D,"Nx=10, Ny=2, N=20",5,0,2,1,10,24,0.01,26.655602086111447,1.188498074905641,178.9189092621746,-15.41050931086201,-15.41050931086201,178.91890926217462,0.0056308975012013,0.0004849962406355,6.903992807507117e-07,1.6833333682564036e-06,9.92934087505692e-07,4.9506747991748086e-08,0.0008309026903017,2084,1216,001001000001000000110010,0.005634765625,0.00048828125,-0.02,0.019990234375,0.2815448750600668,20.05654032600156,1.051800352887732e-06,19068771.246307395,3e-08,0.0,300,5.2441763922971543e-08,19068771.246307395,QCI-029_poisson2d_10x2_block05_col0_normalized_terms.csv,2e5dc56eef632e0d556486ce8acab1710b289aedb2bafedeb8e3f5cc68b00a07,QCI-029,UQCI-017,UQCI-017,QCI-029,poisson2d_10x2,Poisson 2D,5,0,24,300,QCI-029_poisson2d_10x2_block05_col0_normalized_terms.csv,1,20,15.553368091583252,8,6a8cdb9008442f441bbb6a4a,COMPLETED,6a8cdb90ff2f309fb9d1b40b,001001000001000000110010,-0.049859013236909396,6.903992807507117e-07,4.9506747991748086e-08,0.0008309026903017617,0.0056347656250000005,0.00048828125,10,001001000001000000110010,-0.049859013236909396,0.0,0.0008309026903017617,0.0056347656250000005,0.00048828125,True,True,,True
QCI-030,poisson2d_10x2,Poisson 2D,"Nx=10, Ny=2, N=20",5,1,2,1,10,24,0.01,26.655602086111447,1.188498074905641,178.9189092621746,-15.41050931086201,-15.41050931086201,178.91890926217462,0.0004849962406355,0.0056308975012013,6.903992807509819e-07,1.6833333682558937e-06,9.929340875049118e-07,4.9506747991709176e-08,0.0008309026903019,1216,2084,000000110010001001000001,0.00048828125,0.005634765625,-0.02,0.019990234375,0.2815448750600667,20.05654032600156,1.051800352887732e-06,19068771.2463074,3e-08,0.0,300,5.2441763922971523e-08,19068771.246307395,QCI-030_poisson2d_10x2_block05_col1_normalized_terms.csv,065ec2d775aa43d0f53865bec540051c28c541427b86065be964d482e3766737,QCI-030,UQCI-018,UQCI-018,QCI-030,poisson2d_10x2,Poisson 2D,5,1,24,300,QCI-030_poisson2d_10x2_block05_col1_normalized_terms.csv,1,20,15.595831155776978,8,6a8cdb9f08442f441bbb6a4b,COMPLETED,6a8cdb9fff2f309fb9d1b40f,000000110010001001000001,-0.04985901323690938,6.903992807509819e-07,4.9506747991709176e-08,0.0008309026903019281,0.00048828125,0.0056347656250000005,13,000000110010001000111111,-0.049858607535608716,4.057013006653065e-07,0.0029710879789302015,0.00048828125,0.005615234375,False,False,,True
QCI-031,poisson2d_10x2,Poisson 2D,"Nx=10, Ny=2, N=20",6,0,2,1,10,24,0.01,26.655602086111447,1.1994439391553011,177.55802968491122,-16.1008299591455,-16.1008299591455,177.55802968491125,0.0056786556091414,0.0005149362634941,8.477762123645995e-07,1.108452038972041e-06,2.606758266074415e-07,1.3154312828402042e-08,0.0009207476377187,1572,2752,001001000110000000110101,0.00568359375,0.000517578125,-0.02,0.019990234375,0.2839327804570702,19.8167574397809,1.0905577254629764e-06,18171213.661677614,3e-08,0.0,300,5.5032097394185695e-08,18171213.661677614,QCI-031_poisson2d_10x2_block06_col0_normalized_terms.csv,6897d12b171c04c10ee8665b6bafbdd2a75a1a5c078f6cacd96bf91aa8c26703,QCI-031,UQCI-019,UQCI-019,QCI-031,poisson2d_10x2,Poisson 2D,6,0,24,300,QCI-031_poisson2d_10x2_block06_col0_normalized_terms.csv,1,20,15.553215265274048,8,6a8cdbaf08442f441bbb6a4c,COMPLETED,6a8cdbafff2f309fb9d1b413,001001000110000000110101,-0.05046229966040485,8.477762123645995e-07,1.3154312828402042e-08,0.0009207476377187163,0.00568359375,0.000517578125,12,001001000101000000110101,-0.05046228650609207,1.3154312777929889e-08,0.0010528304891918002,0.0056738281250000005,0.000517578125,False,False,,True
QCI-032,poisson2d_10x2,Poisson 2D,"Nx=10, Ny=2, N=20",6,1,2,1,10,24,0.01,26.655602086111447,1.1994439391553011,177.55802968491122,-16.1008299591455,-16.1008299591455,177.55802968491125,0.0005149362634941,0.0056786556091414,8.477762123649591e-07,1.1084520389716263e-06,2.606758266066672e-07,1.3154312828362965e-08,0.0009207476377189,2752,1572,000000110101001001000110,0.000517578125,0.00568359375,-0.02,0.019990234375,0.2839327804570702,19.816757439780908,1.0905577254629764e-06,18171213.66167762,3e-08,0.0,300,5.503209739418568e-08,18171213.66167762,QCI-032_poisson2d_10x2_block06_col1_normalized_terms.csv,598093a2ee2ef25f36077d9f3d75d6cfdb89e28c9a700efb0e96b0c76b938de5,QCI-032,UQCI-020,UQCI-020,QCI-032,poisson2d_10x2,Poisson 2D,6,1,24,300,QCI-032_poisson2d_10x2_block06_col1_normalized_terms.csv,4,100,183.01932835578918,150,6a8cd29208442f441bbb6a38,COMPLETED,6a8cd292ff2f309fb9d1b3c3,000000110101001001000110,-0.05046229966040485,8.477762123649591e-07,1.3154312828362965e-08,0.0009207476377189131,0.000517578125,0.00568359375,32,000000110100001001000101,-0.05046224350553089,5.615487395915775e-08,0.0014002084592860682,0.0005078125,0.0056738281250000005,False,False,,True
QCI-033,poisson2d_10x2,Poisson 2D,"Nx=10, Ny=2, N=20",7,0,2,1,10,24,0.01,26.655602086111447,1.2063276059428958,176.8588032265607,-16.539181833818017,-16.539181833818017,176.8588032265607,0.0057041121841421,0.000533427496358,5.010104209257553e-07,1.1283021812169364e-06,6.272917602911811e-07,3.184968344889457e-08,0.0007078208960787,292,3776,001001001000000000110111,0.005703125,0.000537109375,-0.02,0.019990234375,0.2852056092071075,19.69538445484779,1.1158370611097442e-06,17650771.014237463,3e-08,0.0,300,5.6654748916825225e-08,17650771.014237463,QCI-033_poisson2d_10x2_block07_col0_normalized_terms.csv,f9c7e75809fe69f7253ceaac0fa6eb55f1cfdad5d44e57626b0f4f51abfd1a95,QCI-033,UQCI-021,UQCI-021,QCI-033,poisson2d_10x2,Poisson 2D,7,0,24,300,QCI-033_poisson2d_10x2_block07_col0_normalized_terms.csv,1,20,15.607037544250488,8,6a8cdbbf08442f441bbb6a4d,COMPLETED,6a8cdbbfff2f309fb9d1b417,001001001000000000110111,-0.05077329164516208,5.010104209257553e-07,3.184968344889457e-08,0.0007078208960787705,0.005703125,0.000537109375,15,001001001001000000110111,-0.05077319111260311,1.0053255897202185e-07,0.0015751310486182986,0.0057128906250000005,0.000537109375,False,False,,True
QCI-034,poisson2d_10x2,Poisson 2D,"Nx=10, Ny=2, N=20",7,1,2,1,10,24,0.01,26.655602086111447,1.2063276059428958,176.8588032265607,-16.539181833818017,-16.539181833818017,176.8588032265607,0.000533427496358,0.0057041121841421,5.010104209257553e-07,1.1283021812169364e-06,6.272917602911811e-07,3.184968344889457e-08,0.0007078208960787,3776,292,000000110111001001001000,0.000537109375,0.005703125,-0.02,0.019990234375,0.2852056092071075,19.69538445484779,1.1158370611097442e-06,17650771.014237463,3e-08,0.0,300,5.6654748916825225e-08,17650771.014237463,QCI-034_poisson2d_10x2_block07_col1_normalized_terms.csv,720b923e97bd5ac89d061d6a6f672ba0ec07781a7d8d9ba00478f48ba08daeac,QCI-034,UQCI-022,UQCI-022,QCI-034,poisson2d_10x2,Poisson 2D,7,1,24,300,QCI-034_poisson2d_10x2_block07_col1_normalized_terms.csv,1,20,15.53934645652771,8,6a8cdbcf08442f441bbb6a4e,COMPLETED,6a8cdbcfff2f309fb9d1b41b,000000110111001001001000,-0.05077329164516208,5.010104209257553e-07,3.184968344889457e-08,0.0007078208960787698,0.000537109375,0.005703125,13,000000110110001001000111,-0.05077311141996784,1.8022519424065742e-07,0.0020126139492037047,0.00052734375,0.005693359375,False,False,,True
QCI-035,poisson2d_10x2,Poisson 2D,"Nx=10, Ny=2, N=20",8,0,2,1,10,24,0.01,26.655602086111447,1.2105500245845875,176.4860935119748,-16.809911974178092,-16.809911974178092,176.4860935119748,0.005718043730456,0.0005446310803346,7.041136455882097e-07,1.130079033136949e-06,4.2596538754873933e-07,2.1698156111868254e-08,0.0008391147988139,1316,448,001001001010000000111000,0.00572265625,0.000546875,-0.02,0.019990234375,0.2859021865228023,19.63140947795784,1.1317122255717696e-06,17346644.345067102,3e-08,0.0,300,5.764803728649523e-08,17346644.345067102,QCI-035_poisson2d_10x2_block08_col0_normalized_terms.csv,8b77715af01506300dea27af9339fc02534a056f4f73c1dd84b541848f0afdd2,QCI-035,UQCI-023,UQCI-023,QCI-035,poisson2d_10x2,Poisson 2D,8,0,24,300,QCI-035_poisson2d_10x2_block08_col0_normalized_terms.csv,1,20,15.566267967224121,8,6a8cdbde08442f441bbb6a4f,COMPLETED,6a8cdbdeff2f309fb9d1b41f,001001001010000000111000,-0.05093874166341201,7.041136455882097e-07,2.1698156111868254e-08,0.0008391147988139378,0.00572265625,0.000546875,16,001001001010000000111000,-0.05093874166341201,0.0,0.0008391147988139378,0.00572265625,0.000546875,True,True,,True
QCI-036,poisson2d_10x2,Poisson 2D,"Nx=10, Ny=2, N=20",8,1,2,1,10,24,0.01,26.655602086111447,1.2105500245845875,176.4860935119748,-16.809911974178092,-16.809911974178092,176.4860935119748,0.0005446310803346,0.005718043730456,7.041136455882097e-07,1.130079033136949e-06,4.2596538754873933e-07,2.169815611186825e-08,0.0008391147988137,448,1316,000000111000001001001010,0.000546875,0.00572265625,-0.02,0.019990234375,0.2859021865228022,19.631409477957845,1.1317122255717696e-06,17346644.345067106,3e-08,0.0,300,5.7648037286495226e-08,17346644.345067106,QCI-036_poisson2d_10x2_block08_col1_normalized_terms.csv,a156e182e3e6ac6a156989322a956a21fba657b5b09e64c39c155ea30f2099a9,QCI-036,UQCI-024,UQCI-024,QCI-036,poisson2d_10x2,Poisson 2D,8,1,24,300,QCI-036_poisson2d_10x2_block08_col1_normalized_terms.csv,1,20,15.554287195205688,8,6a8cdbee08442f441bbb6a50,COMPLETED,6a8cdbeeff2f309fb9d1b423,000000111000001001001010,-0.05093874166341201,7.041136455882097e-07,2.169815611186825e-08,0.0008391147988137321,0.000546875,0.00572265625,15,000000110111001001001010,-0.05093863191796083,1.0974545117808931e-07,0.0016907310657169018,0.000537109375,0.00572265625,False,False,,True
QCI-037,poisson2d_10x2,Poisson 2D,"Nx=10, Ny=2, N=20",9,0,2,1,10,24,0.01,26.655602086111447,1.2130956972847262,176.28212174239303,-16.973943647179457,-16.97394364717946,176.28212174239303,0.0057258117431488,0.0005513299074343,7.664862799165612e-07,1.3974306532976955e-06,6.309443733811345e-07,3.2196484354729346e-08,0.0008754920216178,1316,448,001001001010000000111000,0.00572265625,0.000546875,-0.02,0.019990234375,0.2862905871574443,19.59668535327072,1.141434784111255e-06,17168466.938327197,3e-08,0.0,300,5.824631888171576e-08,17168466.938327197,QCI-037_poisson2d_10x2_block09_col0_normalized_terms.csv,d0fc2efd6a23961bbf9917267b637465e7af8c467125c8b6e9d91269c5e0cd9e,QCI-037,UQCI-025,UQCI-025,QCI-037,poisson2d_10x2,Poisson 2D,9,0,24,300,QCI-037_poisson2d_10x2_block09_col0_normalized_terms.csv,1,20,15.581390619277954,8,6a8cdbfe08442f441bbb6a51,COMPLETED,6a8cdbfeff2f309fb9d1b427,001001001010000000111000,-0.05102899880702623,7.664862799165612e-07,3.2196484354729346e-08,0.0008754920216178847,0.00572265625,0.000546875,12,001001001010000000110111,-0.05102872574203352,2.7306499270768336e-07,0.0024733893793019105,0.00572265625,0.000537109375,False,False,,True
QCI-038,poisson2d_10x2,Poisson 2D,"Nx=10, Ny=2, N=20",9,1,2,1,10,24,0.01,26.655602086111447,1.2130956972847262,176.28212174239303,-16.973943647179457,-16.97394364717946,176.28212174239303,0.0005513299074343,0.0057258117431488,7.664862799165409e-07,1.3974306532977233e-06,6.309443733811824e-07,3.2196484354731795e-08,0.0008754920216178,448,1316,000000111000001001001010,0.000546875,0.00572265625,-0.02,0.019990234375,0.2862905871574443,19.59668535327072,1.141434784111255e-06,17168466.938327197,3e-08,0.0,300,5.824631888171576e-08,17168466.938327197,QCI-038_poisson2d_10x2_block09_col1_normalized_terms.csv,e2c6fed027b0170363f7d840b4f412b638aefdaebffde627ce16ac1cbacda9ce,QCI-038,UQCI-026,UQCI-026,QCI-038,poisson2d_10x2,Poisson 2D,9,1,24,300,QCI-038_poisson2d_10x2_block09_col1_normalized_terms.csv,1,20,15.592168092727661,8,6a8cdc0e08442f441bbb6a52,COMPLETED,6a8cdc0eff2f309fb9d1b42b,000000111000001001001010,-0.051028998807026237,7.664862799165409e-07,3.2196484354731795e-08,0.0008754920216178651,0.000546875,0.00572265625,15,000000111000001001001010,-0.051028998807026237,0.0,0.0008754920216178651,0.000546875,0.00572265625,True,True,,True
QCI-039,poisson2d_10x2,Poisson 2D,"Nx=10, Ny=2, N=20",10,0,2,1,10,24,0.01,26.655602086111447,1.2146123292691882,176.16839026855718,-17.07202117474658,-17.072021174746588,176.16839026855718,0.0057301997877368,0.000555298779552,1.7521617780263689e-07,1.9608260445388425e-06,1.7856098667362058e-06,9.120753588936677e-08,0.0004185883154157,3364,2496,001001001011000000111001,0.005732421875,0.000556640625,-0.02,0.019990234375,0.2865099893868407,19.57743786546456,1.1472894626563371e-06,17064078.859520428,3e-08,0.0,300,5.860263587811997e-08,17064078.859520428,QCI-039_poisson2d_10x2_block10_col0_normalized_terms.csv,f57e43a7a06e47f0bf9af185e0ca559fa02cbeb2c6f3deef6c86dec443e3ccd0,QCI-039,UQCI-027,UQCI-027,QCI-039,poisson2d_10x2,Poisson 2D,10,0,24,300,QCI-039_poisson2d_10x2_block10_col0_normalized_terms.csv,1,20,15.560620546340942,8,6a8cdc1d08442f441bbb6a53,COMPLETED,6a8cdc1dff2f309fb9d1b42f,001001001011000000111001,-0.05107919798575191,1.7521617780263689e-07,9.120753588936677e-08,0.00041858831541579674,0.005732421875,0.0005566406250000001,17,001001001010000000110111,-0.0510786707801876,5.27205564308797e-07,0.003239838013686338,0.00572265625,0.000537109375,False,False,,True
QCI-040,poisson2d_10x2,Poisson 2D,"Nx=10, Ny=2, N=20",10,1,2,1,10,24,0.01,26.655602086111447,1.2146123292691882,176.16839026855718,-17.07202117474658,-17.072021174746588,176.16839026855718,0.000555298779552,0.0057301997877368,1.752161778026534e-07,1.960826044538873e-06,1.7856098667362198e-06,9.120753588936748e-08,0.0004185883154158,2496,3364,000000111001001001001011,0.000556640625,0.005732421875,-0.02,0.019990234375,0.2865099893868407,19.57743786546456,1.1472894626563371e-06,17064078.859520428,3e-08,0.0,300,5.860263587811997e-08,17064078.859520428,QCI-040_poisson2d_10x2_block10_col1_normalized_terms.csv,5edeba030a7f230370820e550c92d0400b04db378c979c2cb34408a3a53c3281,QCI-040,UQCI-028,UQCI-028,QCI-040,poisson2d_10x2,Poisson 2D,10,1,24,300,QCI-040_poisson2d_10x2_block10_col1_normalized_terms.csv,1,20,15.562874555587769,8,6a8cdc2d08442f441bbb6a54,COMPLETED,6a8cdc2dff2f309fb9d1b433,000000111001001001001011,-0.05107919798575192,1.752161778026534e-07,9.120753588936748e-08,0.000418588315415818,0.0005566406250000001,0.005732421875,15,000000111010001001001011,-0.05107901678200673,1.812037451892623e-07,0.0019294354718671731,0.00056640625,0.005732421875,False,False,,True
QCI-041,kg1d_Nspace10_state20,Klein-Gordon 1D,"Nspace=10, state N=20",1,0,2,1,10,24,1.0,1.766338803083021,1.3427348070092118,1.0,-0.001,0.2968200000000001,1.0,0.9997032680759697,-0.2967319240303094,9.115976562504141e-08,5.809057804107608e-07,4.897460147857194e-07,5.8635304743648354e-08,0.0003019267553977,2,183,010000000000111011010000,1.0,-0.296875,-2.0,1.9990234375,0.4998516340379848,8.3524084496,5.642318725585939e-07,14803148.9460614,3e-08,0.0,300,6.75531945023133e-08,14803148.9460614,QCI-041_kg1d_Nspace10_state20_block01_col0_normalized_terms.csv,87b22c8170ce9de0130942dbd2e538fbf7b9aa6a25c382d56cd00b97d1f0ac3d,QCI-041,UQCI-029,UQCI-029,QCI-041,kg1d_Nspace10_state20,Klein-Gordon 1D,1,0,24,300,QCI-041_kg1d_Nspace10_state20_block01_col0_normalized_terms.csv,1,20,18.12962245941162,8,6a8cdc3d08442f441bbb6a55,COMPLETED,6a8cdc3dff2f309fb9d1b437,010000000000111011010000,-0.11972593472582482,9.115976562504141e-08,5.8635304743648354e-08,1.4063060312960922,1.0,-1.703125,13,010000000000111011010000,-0.11972593472582482,0.0,1.4063060312960922,1.0,-1.703125,True,True,,True
QCI-042,kg1d_Nspace10_state20,Klein-Gordon 1D,"Nspace=10, state N=20",1,1,2,1,10,24,1.0,1.766338803083021,1.3427348070092118,1.0,-0.001,0.2968200000000001,1.0,0.0009997032680759,0.9997032680759698,8.457003822328086e-08,4.720603107452056e-07,3.874902725219246e-07,4.8436259847110654e-08,0.0002908092815287,2048,2,000000000001010000000000,0.0009765625,1.0,-2.0,1.9990234375,0.4998516340379849,8.000004,5.642318725585939e-07,14178575.1374214,3e-08,0.0,300,7.052894880534984e-08,14178575.137421403,QCI-042_kg1d_Nspace10_state20_block01_col1_normalized_terms.csv,4e84f4c60494ca09d7cc3876243c68d843d1a61835e7d5f84c35183cac34a5f9,QCI-042,UQCI-030,UQCI-030,QCI-042,kg1d_Nspace10_state20,Klein-Gordon 1D,1,1,24,300,QCI-042_kg1d_Nspace10_state20_block01_col1_normalized_terms.csv,1,20,15.565694570541382,8,6a8cdc4f08442f441bbb6a56,COMPLETED,6a8cdc4fff2f309fb9d1b43b,000000000001010000000000,-0.12499992692878172,8.457003822328086e-08,4.8436259847110654e-08,0.0002908092815287725,0.0009765625,1.0,9,000000000001010000000000,-0.12499992692878172,0.0,0.0002908092815287725,0.0009765625,1.0,True,True,,True
QCI-043,kg1d_Nspace10_state20,Klein-Gordon 1D,"Nspace=10, state N=20",2,0,2,1,10,24,1.0,1.766338803083021,1.342706351136971,1.0,-0.001,0.2967985704726124,1.0,0.9997032894927818,-0.2967105072182258,9.397623828174597e-08,5.961301887347864e-07,5.021539504530404e-07,6.012122284046997e-08,0.0003065554407961,2,183,010000000000111011010000,1.0,-0.296875,-2.0,1.9990234375,0.4998516447463909,8.352357565738345,5.641909989788291e-07,14804131.19113189,3e-08,0.0,300,6.75487123890816e-08,14804131.19113189,QCI-043_kg1d_Nspace10_state20_block02_col0_normalized_terms.csv,9fda1de454505092604bb281581b7ba47a6d1266ce7e6337a274d264b6797815,QCI-043,UQCI-031,UQCI-031,QCI-043,kg1d_Nspace10_state20,Klein-Gordon 1D,2,0,24,300,QCI-043_kg1d_Nspace10_state20_block02_col0_normalized_terms.csv,1,20,15.568138599395752,8,6a8cd8c108442f441bbb6a3b,COMPLETED,6a8cd8c1ff2f309fb9d1b3cf,010000000000111011010000,-0.11972666377763837,9.397623828174597e-08,6.012122284046997e-08,1.4063274608077652,1.0,-1.703125,13,010000000000111011010000,-0.11972666377763837,0.0,1.4063274608077652,1.0,-1.703125,True,True,,True
QCI-044,kg1d_Nspace10_state20,Klein-Gordon 1D,"Nspace=10, state N=20",2,1,2,1,10,24,1.0,1.766338803083021,1.342706351136971,1.0,-0.001,0.2967985704726124,1.0,0.0009997032894927,0.9997032894927816,8.45579065653067e-08,4.7208905266707846e-07,3.8753114610177154e-07,4.8441369042036934e-08,0.0002907884223371,2048,2,000000000001010000000000,0.0009765625,1.0,-2.0,1.9990234375,0.4998516447463908,8.000004,5.641909989788291e-07,14179602.323468111,3e-08,0.0,300,7.052383961043383e-08,14179602.323468111,QCI-044_kg1d_Nspace10_state20_block02_col1_normalized_terms.csv,5142b7dd7d22d8188fc7e4ea5f550b7c77a70807df45f7c10ee80b986e86d080,QCI-044,UQCI-032,UQCI-032,QCI-044,kg1d_Nspace10_state20,Klein-Gordon 1D,2,1,24,300,QCI-044_kg1d_Nspace10_state20_block02_col1_normalized_terms.csv,1,20,15.58574390411377,8,6a8cdc5f08442f441bbb6a57,COMPLETED,6a8cdc5fff2f309fb9d1b43f,000000000001010000000000,-0.12499992693029817,8.45579065653067e-08,4.8441369042036934e-08,0.00029078842233711216,0.0009765625,1.0,10,000000000001001111111111,-0.12499987848892932,4.8441368846741106e-08,0.0006870873690201838,0.0009765625,0.9990234375,False,False,,True
QCI-045,kg1d_Nspace10_state20,Klein-Gordon 1D,"Nspace=10, state N=20",3,0,2,1,10,24,1.0,1.766338803083021,1.342706351136361,1.0,-0.001,0.2967985704721533,1.0,0.9997032894927822,-0.296710507217767,9.397623835192008e-08,5.961301890707552e-07,5.021539507188352e-07,6.012122287230056e-08,0.0003065554409106,2,183,010000000000111011010000,1.0,-0.296875,-2.0,1.9990234375,0.4998516447463911,8.352357565737254,5.641909989779535e-07,14804131.191152932,3e-08,0.0,300,6.754871238898558e-08,14804131.191152934,QCI-045_kg1d_Nspace10_state20_block03_col0_normalized_terms.csv,f33fd43bc4fc43e97aca449244dd0a2f8fd3a0d776b6ce087eb6dcbf7ea35ac1,QCI-045,UQCI-033,UQCI-033,QCI-045,kg1d_Nspace10_state20,Klein-Gordon 1D,3,0,24,300,QCI-045_kg1d_Nspace10_state20_block03_col0_normalized_terms.csv,1,20,18.097684144973755,8,6a8cdc6f08442f441bbb6a58,COMPLETED,6a8cdc6fff2f309fb9d1b443,010000000000111011010000,-0.11972666377765363,9.397623835192008e-08,6.012122287230056e-08,1.4063274608082241,1.0,-1.703125,12,010000000000111011010000,-0.11972666377765363,0.0,1.4063274608082241,1.0,-1.703125,True,True,,True
QCI-046,kg1d_Nspace10_state20,Klein-Gordon 1D,"Nspace=10, state N=20",3,1,2,1,10,24,1.0,1.766338803083021,1.342706351136361,1.0,-0.001,0.2967985704721533,1.0,0.0009997032894927,0.9997032894927824,8.455790656504927e-08,4.720890526676882e-07,3.87531146102639e-07,4.844136904214536e-08,0.0002907884223366,2048,2,000000000001010000000000,0.0009765625,1.0,-2.0,1.9990234375,0.4998516447463911,8.000004,5.641909989779535e-07,14179602.32349012,3e-08,0.0,300,7.052383961032439e-08,14179602.32349012,QCI-046_kg1d_Nspace10_state20_block03_col1_normalized_terms.csv,b4f48bbaa2a3b334e3ddf801adec6faf7e95ec3c395f60e43ba778dbb1773e74,QCI-046,UQCI-034,UQCI-034,QCI-046,kg1d_Nspace10_state20,Klein-Gordon 1D,3,1,24,300,QCI-046_kg1d_Nspace10_state20_block03_col1_normalized_terms.csv,1,20,15.62954306602478,8,6a8cdc8108442f441bbb6a59,COMPLETED,6a8cdc81ff2f309fb9d1b447,000000000001010000000000,-0.12499992693029817,8.455790656504927e-08,4.844136904214536e-08,0.0002907884223366695,0.0009765625,1.0,11,000000000001010000000000,-0.12499992693029817,0.0,0.0002907884223366695,0.0009765625,1.0,True,True,,True
QCI-047,kg1d_Nspace10_state20,Klein-Gordon 1D,"Nspace=10, state N=20",4,0,2,1,10,24,1.0,1.766338803083021,1.342706351136361,1.0,-0.001,0.2967985704721533,1.0,0.9997032894927822,-0.296710507217767,9.397623835192008e-08,5.961301890707552e-07,5.021539507188352e-07,6.012122287230056e-08,0.0003065554409106,2,183,010000000000111011010000,1.0,-0.296875,-2.0,1.9990234375,0.4998516447463911,8.352357565737254,5.641909989779535e-07,14804131.191152932,3e-08,0.0,300,6.754871238898558e-08,14804131.191152934,QCI-047_kg1d_Nspace10_state20_block04_col0_normalized_terms.csv,f33fd43bc4fc43e97aca449244dd0a2f8fd3a0d776b6ce087eb6dcbf7ea35ac1,QCI-045,UQCI-033,UQCI-033,QCI-045,kg1d_Nspace10_state20,Klein-Gordon 1D,3,0,24,300,QCI-045_kg1d_Nspace10_state20_block03_col0_normalized_terms.csv,1,20,18.097684144973755,8,6a8cdc6f08442f441bbb6a58,COMPLETED,6a8cdc6fff2f309fb9d1b443,010000000000111011010000,-0.11972666377765363,9.397623835192008e-08,6.012122287230056e-08,1.4063274608082241,1.0,-1.703125,12,010000000000111011010000,-0.11972666377765363,0.0,1.4063274608082241,1.0,-1.703125,True,True,,True
QCI-048,kg1d_Nspace10_state20,Klein-Gordon 1D,"Nspace=10, state N=20",4,1,2,1,10,24,1.0,1.766338803083021,1.342706351136361,1.0,-0.001,0.2967985704721533,1.0,0.0009997032894927,0.9997032894927824,8.455790656504927e-08,4.720890526676882e-07,3.87531146102639e-07,4.844136904214536e-08,0.0002907884223366,2048,2,000000000001010000000000,0.0009765625,1.0,-2.0,1.9990234375,0.4998516447463911,8.000004,5.641909989779535e-07,14179602.32349012,3e-08,0.0,300,7.052383961032439e-08,14179602.32349012,QCI-048_kg1d_Nspace10_state20_block04_col1_normalized_terms.csv,b4f48bbaa2a3b334e3ddf801adec6faf7e95ec3c395f60e43ba778dbb1773e74,QCI-046,UQCI-034,UQCI-034,QCI-046,kg1d_Nspace10_state20,Klein-Gordon 1D,3,1,24,300,QCI-046_kg1d_Nspace10_state20_block03_col1_normalized_terms.csv,1,20,15.62954306602478,8,6a8cdc8108442f441bbb6a59,COMPLETED,6a8cdc81ff2f309fb9d1b447,000000000001010000000000,-0.12499992693029817,8.455790656504927e-08,4.844136904214536e-08,0.0002907884223366695,0.0009765625,1.0,11,000000000001010000000000,-0.12499992693029817,0.0,0.0002907884223366695,0.0009765625,1.0,True,True,,True
QCI-049,kg1d_Nspace10_state20,Klein-Gordon 1D,"Nspace=10, state N=20",5,0,2,1,10,24,1.0,1.766338803083021,1.342706351136361,1.0,-0.001,0.2967985704721533,1.0,0.9997032894927822,-0.296710507217767,9.397623835192008e-08,5.961301890707552e-07,5.021539507188352e-07,6.012122287230056e-08,0.0003065554409106,2,183,010000000000111011010000,1.0,-0.296875,-2.0,1.9990234375,0.4998516447463911,8.352357565737254,5.641909989779535e-07,14804131.191152932,3e-08,0.0,300,6.754871238898558e-08,14804131.191152934,QCI-049_kg1d_Nspace10_state20_block05_col0_normalized_terms.csv,f33fd43bc4fc43e97aca449244dd0a2f8fd3a0d776b6ce087eb6dcbf7ea35ac1,QCI-045,UQCI-033,UQCI-033,QCI-045,kg1d_Nspace10_state20,Klein-Gordon 1D,3,0,24,300,QCI-045_kg1d_Nspace10_state20_block03_col0_normalized_terms.csv,1,20,18.097684144973755,8,6a8cdc6f08442f441bbb6a58,COMPLETED,6a8cdc6fff2f309fb9d1b443,010000000000111011010000,-0.11972666377765363,9.397623835192008e-08,6.012122287230056e-08,1.4063274608082241,1.0,-1.703125,12,010000000000111011010000,-0.11972666377765363,0.0,1.4063274608082241,1.0,-1.703125,True,True,,True
QCI-050,kg1d_Nspace10_state20,Klein-Gordon 1D,"Nspace=10, state N=20",5,1,2,1,10,24,1.0,1.766338803083021,1.342706351136361,1.0,-0.001,0.2967985704721533,1.0,0.0009997032894927,0.9997032894927824,8.455790656504927e-08,4.720890526676882e-07,3.87531146102639e-07,4.844136904214536e-08,0.0002907884223366,2048,2,000000000001010000000000,0.0009765625,1.0,-2.0,1.9990234375,0.4998516447463911,8.000004,5.641909989779535e-07,14179602.32349012,3e-08,0.0,300,7.052383961032439e-08,14179602.32349012,QCI-050_kg1d_Nspace10_state20_block05_col1_normalized_terms.csv,b4f48bbaa2a3b334e3ddf801adec6faf7e95ec3c395f60e43ba778dbb1773e74,QCI-046,UQCI-034,UQCI-034,QCI-046,kg1d_Nspace10_state20,Klein-Gordon 1D,3,1,24,300,QCI-046_kg1d_Nspace10_state20_block03_col1_normalized_terms.csv,1,20,15.62954306602478,8,6a8cdc8108442f441bbb6a59,COMPLETED,6a8cdc81ff2f309fb9d1b447,000000000001010000000000,-0.12499992693029817,8.455790656504927e-08,4.844136904214536e-08,0.0002907884223366695,0.0009765625,1.0,11,000000000001010000000000,-0.12499992693029817,0.0,0.0002907884223366695,0.0009765625,1.0,True,True,,True
QCI-051,kg1d_Nspace10_state20,Klein-Gordon 1D,"Nspace=10, state N=20",6,0,2,1,10,24,1.0,1.766338803083021,1.342706351136361,1.0,-0.001,0.2967985704721533,1.0,0.9997032894927822,-0.296710507217767,9.397623835192008e-08,5.961301890707552e-07,5.021539507188352e-07,6.012122287230056e-08,0.0003065554409106,2,183,010000000000111011010000,1.0,-0.296875,-2.0,1.9990234375,0.4998516447463911,8.352357565737254,5.641909989779535e-07,14804131.191152932,3e-08,0.0,300,6.754871238898558e-08,14804131.191152934,QCI-051_kg1d_Nspace10_state20_block06_col0_normalized_terms.csv,f33fd43bc4fc43e97aca449244dd0a2f8fd3a0d776b6ce087eb6dcbf7ea35ac1,QCI-045,UQCI-033,UQCI-033,QCI-045,kg1d_Nspace10_state20,Klein-Gordon 1D,3,0,24,300,QCI-045_kg1d_Nspace10_state20_block03_col0_normalized_terms.csv,1,20,18.097684144973755,8,6a8cdc6f08442f441bbb6a58,COMPLETED,6a8cdc6fff2f309fb9d1b443,010000000000111011010000,-0.11972666377765363,9.397623835192008e-08,6.012122287230056e-08,1.4063274608082241,1.0,-1.703125,12,010000000000111011010000,-0.11972666377765363,0.0,1.4063274608082241,1.0,-1.703125,True,True,,True
QCI-052,kg1d_Nspace10_state20,Klein-Gordon 1D,"Nspace=10, state N=20",6,1,2,1,10,24,1.0,1.766338803083021,1.342706351136361,1.0,-0.001,0.2967985704721533,1.0,0.0009997032894927,0.9997032894927824,8.455790656504927e-08,4.720890526676882e-07,3.87531146102639e-07,4.844136904214536e-08,0.0002907884223366,2048,2,000000000001010000000000,0.0009765625,1.0,-2.0,1.9990234375,0.4998516447463911,8.000004,5.641909989779535e-07,14179602.32349012,3e-08,0.0,300,7.052383961032439e-08,14179602.32349012,QCI-052_kg1d_Nspace10_state20_block06_col1_normalized_terms.csv,b4f48bbaa2a3b334e3ddf801adec6faf7e95ec3c395f60e43ba778dbb1773e74,QCI-046,UQCI-034,UQCI-034,QCI-046,kg1d_Nspace10_state20,Klein-Gordon 1D,3,1,24,300,QCI-046_kg1d_Nspace10_state20_block03_col1_normalized_terms.csv,1,20,15.62954306602478,8,6a8cdc8108442f441bbb6a59,COMPLETED,6a8cdc81ff2f309fb9d1b447,000000000001010000000000,-0.12499992693029817,8.455790656504927e-08,4.844136904214536e-08,0.0002907884223366695,0.0009765625,1.0,11,000000000001010000000000,-0.12499992693029817,0.0,0.0002907884223366695,0.0009765625,1.0,True,True,,True
QCI-053,kg1d_Nspace10_state20,Klein-Gordon 1D,"Nspace=10, state N=20",7,0,2,1,10,24,1.0,1.766338803083021,1.342706351136361,1.0,-0.001,0.2967985704721533,1.0,0.9997032894927822,-0.296710507217767,9.397623835192008e-08,5.961301890707552e-07,5.021539507188352e-07,6.012122287230056e-08,0.0003065554409106,2,183,010000000000111011010000,1.0,-0.296875,-2.0,1.9990234375,0.4998516447463911,8.352357565737254,5.641909989779535e-07,14804131.191152932,3e-08,0.0,300,6.754871238898558e-08,14804131.191152934,QCI-053_kg1d_Nspace10_state20_block07_col0_normalized_terms.csv,f33fd43bc4fc43e97aca449244dd0a2f8fd3a0d776b6ce087eb6dcbf7ea35ac1,QCI-045,UQCI-033,UQCI-033,QCI-045,kg1d_Nspace10_state20,Klein-Gordon 1D,3,0,24,300,QCI-045_kg1d_Nspace10_state20_block03_col0_normalized_terms.csv,1,20,18.097684144973755,8,6a8cdc6f08442f441bbb6a58,COMPLETED,6a8cdc6fff2f309fb9d1b443,010000000000111011010000,-0.11972666377765363,9.397623835192008e-08,6.012122287230056e-08,1.4063274608082241,1.0,-1.703125,12,010000000000111011010000,-0.11972666377765363,0.0,1.4063274608082241,1.0,-1.703125,True,True,,True
QCI-054,kg1d_Nspace10_state20,Klein-Gordon 1D,"Nspace=10, state N=20",7,1,2,1,10,24,1.0,1.766338803083021,1.342706351136361,1.0,-0.001,0.2967985704721533,1.0,0.0009997032894927,0.9997032894927824,8.455790656504927e-08,4.720890526676882e-07,3.87531146102639e-07,4.844136904214536e-08,0.0002907884223366,2048,2,000000000001010000000000,0.0009765625,1.0,-2.0,1.9990234375,0.4998516447463911,8.000004,5.641909989779535e-07,14179602.32349012,3e-08,0.0,300,7.052383961032439e-08,14179602.32349012,QCI-054_kg1d_Nspace10_state20_block07_col1_normalized_terms.csv,b4f48bbaa2a3b334e3ddf801adec6faf7e95ec3c395f60e43ba778dbb1773e74,QCI-046,UQCI-034,UQCI-034,QCI-046,kg1d_Nspace10_state20,Klein-Gordon 1D,3,1,24,300,QCI-046_kg1d_Nspace10_state20_block03_col1_normalized_terms.csv,1,20,15.62954306602478,8,6a8cdc8108442f441bbb6a59,COMPLETED,6a8cdc81ff2f309fb9d1b447,000000000001010000000000,-0.12499992693029817,8.455790656504927e-08,4.844136904214536e-08,0.0002907884223366695,0.0009765625,1.0,11,000000000001010000000000,-0.12499992693029817,0.0,0.0002907884223366695,0.0009765625,1.0,True,True,,True
QCI-055,kg1d_Nspace10_state20,Klein-Gordon 1D,"Nspace=10, state N=20",8,0,2,1,10,24,1.0,1.766338803083021,1.342706351136361,1.0,-0.001,0.2967985704721533,1.0,0.9997032894927822,-0.296710507217767,9.397623835192008e-08,5.961301890707552e-07,5.021539507188352e-07,6.012122287230056e-08,0.0003065554409106,2,183,010000000000111011010000,1.0,-0.296875,-2.0,1.9990234375,0.4998516447463911,8.352357565737254,5.641909989779535e-07,14804131.191152932,3e-08,0.0,300,6.754871238898558e-08,14804131.191152934,QCI-055_kg1d_Nspace10_state20_block08_col0_normalized_terms.csv,f33fd43bc4fc43e97aca449244dd0a2f8fd3a0d776b6ce087eb6dcbf7ea35ac1,QCI-045,UQCI-033,UQCI-033,QCI-045,kg1d_Nspace10_state20,Klein-Gordon 1D,3,0,24,300,QCI-045_kg1d_Nspace10_state20_block03_col0_normalized_terms.csv,1,20,18.097684144973755,8,6a8cdc6f08442f441bbb6a58,COMPLETED,6a8cdc6fff2f309fb9d1b443,010000000000111011010000,-0.11972666377765363,9.397623835192008e-08,6.012122287230056e-08,1.4063274608082241,1.0,-1.703125,12,010000000000111011010000,-0.11972666377765363,0.0,1.4063274608082241,1.0,-1.703125,True,True,,True
QCI-056,kg1d_Nspace10_state20,Klein-Gordon 1D,"Nspace=10, state N=20",8,1,2,1,10,24,1.0,1.766338803083021,1.342706351136361,1.0,-0.001,0.2967985704721533,1.0,0.0009997032894927,0.9997032894927824,8.455790656504927e-08,4.720890526676882e-07,3.87531146102639e-07,4.844136904214536e-08,0.0002907884223366,2048,2,000000000001010000000000,0.0009765625,1.0,-2.0,1.9990234375,0.4998516447463911,8.000004,5.641909989779535e-07,14179602.32349012,3e-08,0.0,300,7.052383961032439e-08,14179602.32349012,QCI-056_kg1d_Nspace10_state20_block08_col1_normalized_terms.csv,b4f48bbaa2a3b334e3ddf801adec6faf7e95ec3c395f60e43ba778dbb1773e74,QCI-046,UQCI-034,UQCI-034,QCI-046,kg1d_Nspace10_state20,Klein-Gordon 1D,3,1,24,300,QCI-046_kg1d_Nspace10_state20_block03_col1_normalized_terms.csv,1,20,15.62954306602478,8,6a8cdc8108442f441bbb6a59,COMPLETED,6a8cdc81ff2f309fb9d1b447,000000000001010000000000,-0.12499992693029817,8.455790656504927e-08,4.844136904214536e-08,0.0002907884223366695,0.0009765625,1.0,11,000000000001010000000000,-0.12499992693029817,0.0,0.0002907884223366695,0.0009765625,1.0,True,True,,True
QCI-057,kg1d_Nspace10_state20,Klein-Gordon 1D,"Nspace=10, state N=20",9,0,2,1,10,24,1.0,1.766338803083021,1.342706351136361,1.0,-0.001,0.2967985704721533,1.0,0.9997032894927822,-0.296710507217767,9.397623835192008e-08,5.961301890707552e-07,5.021539507188352e-07,6.012122287230056e-08,0.0003065554409106,2,183,010000000000111011010000,1.0,-0.296875,-2.0,1.9990234375,0.4998516447463911,8.352357565737254,5.641909989779535e-07,14804131.191152932,3e-08,0.0,300,6.754871238898558e-08,14804131.191152934,QCI-057_kg1d_Nspace10_state20_block09_col0_normalized_terms.csv,f33fd43bc4fc43e97aca449244dd0a2f8fd3a0d776b6ce087eb6dcbf7ea35ac1,QCI-045,UQCI-033,UQCI-033,QCI-045,kg1d_Nspace10_state20,Klein-Gordon 1D,3,0,24,300,QCI-045_kg1d_Nspace10_state20_block03_col0_normalized_terms.csv,1,20,18.097684144973755,8,6a8cdc6f08442f441bbb6a58,COMPLETED,6a8cdc6fff2f309fb9d1b443,010000000000111011010000,-0.11972666377765363,9.397623835192008e-08,6.012122287230056e-08,1.4063274608082241,1.0,-1.703125,12,010000000000111011010000,-0.11972666377765363,0.0,1.4063274608082241,1.0,-1.703125,True,True,,True
QCI-058,kg1d_Nspace10_state20,Klein-Gordon 1D,"Nspace=10, state N=20",9,1,2,1,10,24,1.0,1.766338803083021,1.342706351136361,1.0,-0.001,0.2967985704721533,1.0,0.0009997032894927,0.9997032894927824,8.455790656504927e-08,4.720890526676882e-07,3.87531146102639e-07,4.844136904214536e-08,0.0002907884223366,2048,2,000000000001010000000000,0.0009765625,1.0,-2.0,1.9990234375,0.4998516447463911,8.000004,5.641909989779535e-07,14179602.32349012,3e-08,0.0,300,7.052383961032439e-08,14179602.32349012,QCI-058_kg1d_Nspace10_state20_block09_col1_normalized_terms.csv,b4f48bbaa2a3b334e3ddf801adec6faf7e95ec3c395f60e43ba778dbb1773e74,QCI-046,UQCI-034,UQCI-034,QCI-046,kg1d_Nspace10_state20,Klein-Gordon 1D,3,1,24,300,QCI-046_kg1d_Nspace10_state20_block03_col1_normalized_terms.csv,1,20,15.62954306602478,8,6a8cdc8108442f441bbb6a59,COMPLETED,6a8cdc81ff2f309fb9d1b447,000000000001010000000000,-0.12499992693029817,8.455790656504927e-08,4.844136904214536e-08,0.0002907884223366695,0.0009765625,1.0,11,000000000001010000000000,-0.12499992693029817,0.0,0.0002907884223366695,0.0009765625,1.0,True,True,,True
QCI-059,kg1d_Nspace10_state20,Klein-Gordon 1D,"Nspace=10, state N=20",10,0,2,1,10,24,1.0,1.766338803083021,1.342706351136361,1.0,-0.001,0.2967985704721533,1.0,0.9997032894927822,-0.296710507217767,9.397623835192008e-08,5.961301890707552e-07,5.021539507188352e-07,6.012122287230056e-08,0.0003065554409106,2,183,010000000000111011010000,1.0,-0.296875,-2.0,1.9990234375,0.4998516447463911,8.352357565737254,5.641909989779535e-07,14804131.191152932,3e-08,0.0,300,6.754871238898558e-08,14804131.191152934,QCI-059_kg1d_Nspace10_state20_block10_col0_normalized_terms.csv,f33fd43bc4fc43e97aca449244dd0a2f8fd3a0d776b6ce087eb6dcbf7ea35ac1,QCI-045,UQCI-033,UQCI-033,QCI-045,kg1d_Nspace10_state20,Klein-Gordon 1D,3,0,24,300,QCI-045_kg1d_Nspace10_state20_block03_col0_normalized_terms.csv,1,20,18.097684144973755,8,6a8cdc6f08442f441bbb6a58,COMPLETED,6a8cdc6fff2f309fb9d1b443,010000000000111011010000,-0.11972666377765363,9.397623835192008e-08,6.012122287230056e-08,1.4063274608082241,1.0,-1.703125,12,010000000000111011010000,-0.11972666377765363,0.0,1.4063274608082241,1.0,-1.703125,True,True,,True
QCI-060,kg1d_Nspace10_state20,Klein-Gordon 1D,"Nspace=10, state N=20",10,1,2,1,10,24,1.0,1.766338803083021,1.342706351136361,1.0,-0.001,0.2967985704721533,1.0,0.0009997032894927,0.9997032894927824,8.455790656504927e-08,4.720890526676882e-07,3.87531146102639e-07,4.844136904214536e-08,0.0002907884223366,2048,2,000000000001010000000000,0.0009765625,1.0,-2.0,1.9990234375,0.4998516447463911,8.000004,5.641909989779535e-07,14179602.32349012,3e-08,0.0,300,7.052383961032439e-08,14179602.32349012,QCI-060_kg1d_Nspace10_state20_block10_col1_normalized_terms.csv,b4f48bbaa2a3b334e3ddf801adec6faf7e95ec3c395f60e43ba778dbb1773e74,QCI-046,UQCI-034,UQCI-034,QCI-046,kg1d_Nspace10_state20,Klein-Gordon 1D,3,1,24,300,QCI-046_kg1d_Nspace10_state20_block03_col1_normalized_terms.csv,1,20,15.62954306602478,8,6a8cdc8108442f441bbb6a59,COMPLETED,6a8cdc81ff2f309fb9d1b447,000000000001010000000000,-0.12499992693029817,8.455790656504927e-08,4.844136904214536e-08,0.0002907884223366695,0.0009765625,1.0,11,000000000001010000000000,-0.12499992693029817,0.0,0.0002907884223366695,0.0009765625,1.0,True,True,,True
