pde,stage,max_inv_residual,nonzero_step_updates
heat_1d,0,0.00037211592236388927,20
heat_1d,1,0.00037211592236388927,0
heat_1d,2,0.00037211592236388927,0
heat_1d,3,0.00037211592236388927,0
burgers_1d,0,0.00029430975157978813,20
burgers_1d,1,0.00029430975157978813,0
burgers_1d,2,0.00029430975157978813,0
burgers_1d,3,0.00029430975157978813,0
poisson_2d,0,0.0017595477546179584,20
poisson_2d,1,0.0017595477546179584,0
poisson_2d,2,0.0017595477546179584,0
poisson_2d,3,0.0017595477546179584,0
helmholtz_2d,0,0.0020684691085740285,20
helmholtz_2d,1,0.0020684691085740285,0
helmholtz_2d,2,0.0020684691085740285,0
helmholtz_2d,3,0.0020684691085740285,0
klein_gordon_1d,0,0.0004329995461357323,40
klein_gordon_1d,1,0.0004329995461357323,0
klein_gordon_1d,2,0.0004329995461357323,0
klein_gordon_1d,3,0.0004329995461357323,0
