pde,block,column,stage,gamma,bitstring,delta0,delta1,energy,post_column_residual,continuous_correction_within_grid,max_abs_continuous_correction
heat_1d,1,0,0,0.6,011000111100000000110101,0.9351562499999999,0.031054687499999997,6.635876684569478e-08,0.00025760195427381236,True,0.9351061070531832
heat_1d,1,0,1,0.075,111111111111111111111101,-7.32421875e-05,-0.00021972656249999998,1.083570961006189e-09,3.291763905578399e-05,True,0.00023853197687536142
heat_1d,1,0,2,0.009375,000000000011111111111110,2.7465820312499997e-05,-1.8310546875e-05,2.1830934105696305e-11,4.672358516462231e-06,True,2.3099240683389316e-05
heat_1d,1,0,3,0.001171875,111111111100000000000000,-4.57763671875e-06,0.0,3.478651792224302e-13,5.898009657847149e-07,True,4.36657962917694e-06
heat_1d,1,1,0,0.6,000000110101011000111100,0.031054687499999997,0.9351562499999999,6.635876684568717e-08,0.00025760195427380927,True,0.9351061070531832
heat_1d,1,1,1,0.075,111111111101111111111111,-0.00021972656249999998,-7.32421875e-05,1.0835709610060582e-09,3.291763905578366e-05,True,0.00023853197687535846
heat_1d,1,1,2,0.009375,111111111110000000000011,-1.8310546875e-05,2.7465820312499997e-05,2.1830934105695904e-11,4.672358516462297e-06,True,2.3099240683389333e-05
heat_1d,1,1,3,0.001171875,000000000000111111111100,0.0,-4.57763671875e-06,3.478651792233149e-13,5.898009657855397e-07,True,4.366579629176965e-06
heat_1d,2,0,0,0.6,011000111110000000110101,0.936328125,0.031054687499999997,8.916270495147425e-08,0.0002986012474043569,True,0.9361249627259424
heat_1d,2,0,1,0.075,111111111101111111111101,-0.00021972656249999998,-0.00021972656249999998,5.274957830615878e-10,2.296727635268346e-05,True,0.0002049558782588025
heat_1d,2,0,2,0.009375,000000000010000000000010,1.8310546875e-05,1.8310546875e-05,1.693468787022663e-11,4.115177744661461e-06,True,1.6564288442457188e-05
heat_1d,2,0,3,0.001171875,111111111110111111111101,-2.288818359375e-06,-3.4332275390624997e-06,3.5879420844952826e-13,5.989943310058053e-07,True,3.539862633801549e-06
heat_1d,2,1,0,0.6,000000110101011000111100,0.031054687499999997,0.9351562499999999,4.9333048521914377e-08,0.00022211044217216485,True,0.9351072135439537
heat_1d,2,1,1,0.075,111111111101111111111111,-0.00021972656249999998,-7.32421875e-05,8.680384335668281e-10,2.9462491978239557e-05,True,0.00020495587825879993
heat_1d,2,1,2,0.009375,000000000010000000000011,1.8310546875e-05,2.7465820312499997e-05,2.4797367791846953e-11,4.979695552054212e-06,True,2.4205731453819934e-05
heat_1d,2,1,3,0.001171875,111111111101111111111101,-3.4332275390624997e-06,-3.4332275390624997e-06,5.019986038783184e-14,2.240532532883603e-07,True,3.5398626337977704e-06
heat_1d,3,0,0,0.6,011000111110000000110101,0.936328125,0.031054687499999997,8.916214470803788e-08,0.0002986003092900187,True,0.9361249639742055
heat_1d,3,0,1,0.075,111111111101111111111101,-0.00021972656249999998,-0.00021972656249999998,5.275416347075046e-10,2.2968274526194994e-05,True,0.00020495583712264715
heat_1d,3,0,2,0.009375,000000000010000000000010,1.8310546875e-05,1.8310546875e-05,1.69300424650504e-11,4.114613282504845e-06,True,1.6565536705680937e-05
heat_1d,3,0,3,0.001171875,111111111110111111111101,-2.288818359375e-06,-3.4332275390624997e-06,3.6035336907293683e-13,6.002944019299057e-07,True,3.5398214976387233e-06
heat_1d,3,1,0,0.6,000000110101011000111100,0.031054687499999997,0.9351562499999999,4.93330292842186e-08,0.00022211039886556075,True,0.9351072135453093
heat_1d,3,1,1,0.075,111111111101111111111111,-0.00021972656249999998,-7.32421875e-05,8.680397461098375e-10,2.946251425304431e-05,True,0.00020495583712264187
heat_1d,3,1,2,0.009375,000000000010000000000011,1.8310546875e-05,2.7465820312499997e-05,2.4797045171111093e-11,4.979663158328346e-06,True,2.4205732809450314e-05
heat_1d,3,1,3,0.001171875,111111111101111111111101,-3.4332275390624997e-06,-3.4332275390624997e-06,5.018930334706885e-14,2.240296928273915e-07,True,3.539821497639704e-06
heat_1d,4,0,0,0.6,011000111110000000110101,0.936328125,0.031054687499999997,8.916214470803788e-08,0.0002986003092900187,True,0.9361249639742055
heat_1d,4,0,1,0.075,111111111101111111111101,-0.00021972656249999998,-0.00021972656249999998,5.275416347075046e-10,2.2968274526194994e-05,True,0.00020495583712264715
heat_1d,4,0,2,0.009375,000000000010000000000010,1.8310546875e-05,1.8310546875e-05,1.69300424650504e-11,4.114613282504845e-06,True,1.6565536705680937e-05
heat_1d,4,0,3,0.001171875,111111111110111111111101,-2.288818359375e-06,-3.4332275390624997e-06,3.6035336907293683e-13,6.002944019299057e-07,True,3.5398214976387233e-06
heat_1d,4,1,0,0.6,000000110101011000111100,0.031054687499999997,0.9351562499999999,4.93330292842186e-08,0.00022211039886556075,True,0.9351072135453093
heat_1d,4,1,1,0.075,111111111101111111111111,-0.00021972656249999998,-7.32421875e-05,8.680397461098375e-10,2.946251425304431e-05,True,0.00020495583712264187
heat_1d,4,1,2,0.009375,000000000010000000000011,1.8310546875e-05,2.7465820312499997e-05,2.4797045171111093e-11,4.979663158328346e-06,True,2.4205732809450314e-05
heat_1d,4,1,3,0.001171875,111111111101111111111101,-3.4332275390624997e-06,-3.4332275390624997e-06,5.018930334706885e-14,2.240296928273915e-07,True,3.539821497639704e-06
heat_1d,5,0,0,0.6,011000111110000000110101,0.936328125,0.031054687499999997,8.916214470803788e-08,0.0002986003092900187,True,0.9361249639742055
heat_1d,5,0,1,0.075,111111111101111111111101,-0.00021972656249999998,-0.00021972656249999998,5.275416347075046e-10,2.2968274526194994e-05,True,0.00020495583712264715
heat_1d,5,0,2,0.009375,000000000010000000000010,1.8310546875e-05,1.8310546875e-05,1.69300424650504e-11,4.114613282504845e-06,True,1.6565536705680937e-05
heat_1d,5,0,3,0.001171875,111111111110111111111101,-2.288818359375e-06,-3.4332275390624997e-06,3.6035336907293683e-13,6.002944019299057e-07,True,3.5398214976387233e-06
heat_1d,5,1,0,0.6,000000110101011000111100,0.031054687499999997,0.9351562499999999,4.93330292842186e-08,0.00022211039886556075,True,0.9351072135453093
heat_1d,5,1,1,0.075,111111111101111111111111,-0.00021972656249999998,-7.32421875e-05,8.680397461098375e-10,2.946251425304431e-05,True,0.00020495583712264187
heat_1d,5,1,2,0.009375,000000000010000000000011,1.8310546875e-05,2.7465820312499997e-05,2.4797045171111093e-11,4.979663158328346e-06,True,2.4205732809450314e-05
heat_1d,5,1,3,0.001171875,111111111101111111111101,-3.4332275390624997e-06,-3.4332275390624997e-06,5.018930334706885e-14,2.240296928273915e-07,True,3.539821497639704e-06
heat_1d,6,0,0,0.6,011000111110000000110101,0.936328125,0.031054687499999997,8.916214470803788e-08,0.0002986003092900187,True,0.9361249639742055
heat_1d,6,0,1,0.075,111111111101111111111101,-0.00021972656249999998,-0.00021972656249999998,5.275416347075046e-10,2.2968274526194994e-05,True,0.00020495583712264715
heat_1d,6,0,2,0.009375,000000000010000000000010,1.8310546875e-05,1.8310546875e-05,1.69300424650504e-11,4.114613282504845e-06,True,1.6565536705680937e-05
heat_1d,6,0,3,0.001171875,111111111110111111111101,-2.288818359375e-06,-3.4332275390624997e-06,3.6035336907293683e-13,6.002944019299057e-07,True,3.5398214976387233e-06
heat_1d,6,1,0,0.6,000000110101011000111100,0.031054687499999997,0.9351562499999999,4.93330292842186e-08,0.00022211039886556075,True,0.9351072135453093
heat_1d,6,1,1,0.075,111111111101111111111111,-0.00021972656249999998,-7.32421875e-05,8.680397461098375e-10,2.946251425304431e-05,True,0.00020495583712264187
heat_1d,6,1,2,0.009375,000000000010000000000011,1.8310546875e-05,2.7465820312499997e-05,2.4797045171111093e-11,4.979663158328346e-06,True,2.4205732809450314e-05
heat_1d,6,1,3,0.001171875,111111111101111111111101,-3.4332275390624997e-06,-3.4332275390624997e-06,5.018930334706885e-14,2.240296928273915e-07,True,3.539821497639704e-06
heat_1d,7,0,0,0.6,011000111110000000110101,0.936328125,0.031054687499999997,8.916214470803788e-08,0.0002986003092900187,True,0.9361249639742055
heat_1d,7,0,1,0.075,111111111101111111111101,-0.00021972656249999998,-0.00021972656249999998,5.275416347075046e-10,2.2968274526194994e-05,True,0.00020495583712264715
heat_1d,7,0,2,0.009375,000000000010000000000010,1.8310546875e-05,1.8310546875e-05,1.69300424650504e-11,4.114613282504845e-06,True,1.6565536705680937e-05
heat_1d,7,0,3,0.001171875,111111111110111111111101,-2.288818359375e-06,-3.4332275390624997e-06,3.6035336907293683e-13,6.002944019299057e-07,True,3.5398214976387233e-06
heat_1d,7,1,0,0.6,000000110101011000111100,0.031054687499999997,0.9351562499999999,4.93330292842186e-08,0.00022211039886556075,True,0.9351072135453093
heat_1d,7,1,1,0.075,111111111101111111111111,-0.00021972656249999998,-7.32421875e-05,8.680397461098375e-10,2.946251425304431e-05,True,0.00020495583712264187
heat_1d,7,1,2,0.009375,000000000010000000000011,1.8310546875e-05,2.7465820312499997e-05,2.4797045171111093e-11,4.979663158328346e-06,True,2.4205732809450314e-05
heat_1d,7,1,3,0.001171875,111111111101111111111101,-3.4332275390624997e-06,-3.4332275390624997e-06,5.018930334706885e-14,2.240296928273915e-07,True,3.539821497639704e-06
heat_1d,8,0,0,0.6,011000111110000000110101,0.936328125,0.031054687499999997,8.916214470803788e-08,0.0002986003092900187,True,0.9361249639742055
heat_1d,8,0,1,0.075,111111111101111111111101,-0.00021972656249999998,-0.00021972656249999998,5.275416347075046e-10,2.2968274526194994e-05,True,0.00020495583712264715
heat_1d,8,0,2,0.009375,000000000010000000000010,1.8310546875e-05,1.8310546875e-05,1.69300424650504e-11,4.114613282504845e-06,True,1.6565536705680937e-05
heat_1d,8,0,3,0.001171875,111111111110111111111101,-2.288818359375e-06,-3.4332275390624997e-06,3.6035336907293683e-13,6.002944019299057e-07,True,3.5398214976387233e-06
heat_1d,8,1,0,0.6,000000110101011000111100,0.031054687499999997,0.9351562499999999,4.93330292842186e-08,0.00022211039886556075,True,0.9351072135453093
heat_1d,8,1,1,0.075,111111111101111111111111,-0.00021972656249999998,-7.32421875e-05,8.680397461098375e-10,2.946251425304431e-05,True,0.00020495583712264187
heat_1d,8,1,2,0.009375,000000000010000000000011,1.8310546875e-05,2.7465820312499997e-05,2.4797045171111093e-11,4.979663158328346e-06,True,2.4205732809450314e-05
heat_1d,8,1,3,0.001171875,111111111101111111111101,-3.4332275390624997e-06,-3.4332275390624997e-06,5.018930334706885e-14,2.240296928273915e-07,True,3.539821497639704e-06
heat_1d,9,0,0,0.6,011000111110000000110101,0.936328125,0.031054687499999997,8.916214470803788e-08,0.0002986003092900187,True,0.9361249639742055
heat_1d,9,0,1,0.075,111111111101111111111101,-0.00021972656249999998,-0.00021972656249999998,5.275416347075046e-10,2.2968274526194994e-05,True,0.00020495583712264715
heat_1d,9,0,2,0.009375,000000000010000000000010,1.8310546875e-05,1.8310546875e-05,1.69300424650504e-11,4.114613282504845e-06,True,1.6565536705680937e-05
heat_1d,9,0,3,0.001171875,111111111110111111111101,-2.288818359375e-06,-3.4332275390624997e-06,3.6035336907293683e-13,6.002944019299057e-07,True,3.5398214976387233e-06
heat_1d,9,1,0,0.6,000000110101011000111100,0.031054687499999997,0.9351562499999999,4.93330292842186e-08,0.00022211039886556075,True,0.9351072135453093
heat_1d,9,1,1,0.075,111111111101111111111111,-0.00021972656249999998,-7.32421875e-05,8.680397461098375e-10,2.946251425304431e-05,True,0.00020495583712264187
heat_1d,9,1,2,0.009375,000000000010000000000011,1.8310546875e-05,2.7465820312499997e-05,2.4797045171111093e-11,4.979663158328346e-06,True,2.4205732809450314e-05
heat_1d,9,1,3,0.001171875,111111111101111111111101,-3.4332275390624997e-06,-3.4332275390624997e-06,5.018930334706885e-14,2.240296928273915e-07,True,3.539821497639704e-06
heat_1d,10,0,0,0.6,011000111110000000110101,0.936328125,0.031054687499999997,8.916214470803788e-08,0.0002986003092900187,True,0.9361249639742055
heat_1d,10,0,1,0.075,111111111101111111111101,-0.00021972656249999998,-0.00021972656249999998,5.275416347075046e-10,2.2968274526194994e-05,True,0.00020495583712264715
heat_1d,10,0,2,0.009375,000000000010000000000010,1.8310546875e-05,1.8310546875e-05,1.69300424650504e-11,4.114613282504845e-06,True,1.6565536705680937e-05
heat_1d,10,0,3,0.001171875,111111111110111111111101,-2.288818359375e-06,-3.4332275390624997e-06,3.6035336907293683e-13,6.002944019299057e-07,True,3.5398214976387233e-06
heat_1d,10,1,0,0.6,000000110101011000111100,0.031054687499999997,0.9351562499999999,4.93330292842186e-08,0.00022211039886556075,True,0.9351072135453093
heat_1d,10,1,1,0.075,111111111101111111111111,-0.00021972656249999998,-7.32421875e-05,8.680397461098375e-10,2.946251425304431e-05,True,0.00020495583712264187
heat_1d,10,1,2,0.009375,000000000010000000000011,1.8310546875e-05,2.7465820312499997e-05,2.4797045171111093e-11,4.979663158328346e-06,True,2.4205732809450314e-05
heat_1d,10,1,3,0.001171875,111111111101111111111101,-3.4332275390624997e-06,-3.4332275390624997e-06,5.018930334706885e-14,2.240296928273915e-07,True,3.539821497639704e-06
burgers_1d,1,0,0,0.6,011001110001000000011100,0.9662109375,0.016406249999999997,3.5583875122062425e-09,5.965222135181101e-05,True,0.9662027735095133
burgers_1d,1,0,1,0.075,000000000000000000000001,0.0,7.32421875e-05,3.531522798519218e-10,1.8792346310467532e-05,True,5.675220685014571e-05
burgers_1d,1,0,2,0.009375,111111111111111111111110,-9.1552734375e-06,-1.8310546875e-05,4.47516061380938e-12,2.1154575424167714e-06,True,1.648998064985298e-05
burgers_1d,1,0,3,0.001171875,000000000001000000000010,1.1444091796875e-06,2.288818359375e-06,2.549730131671884e-13,5.049485252875749e-07,True,1.8205662251473706e-06
burgers_1d,1,1,0,0.6,000000011100011001110001,0.016406249999999997,0.9662109375,3.5583875122049533e-09,5.965222135181185e-05,True,0.9662027735095131
burgers_1d,1,1,1,0.075,000000000001000000000000,7.32421875e-05,0.0,3.5315227985189283e-10,1.879234631046798e-05,True,5.675220685014654e-05
burgers_1d,1,1,2,0.009375,111111111110111111111111,-1.8310546875e-05,-9.1552734375e-06,4.475160613807517e-12,2.1154575424179183e-06,True,1.6489980649853464e-05
burgers_1d,1,1,3,0.001171875,000000000010000000000001,2.288818359375e-06,1.1444091796875e-06,2.549730131659358e-13,5.04948525219399e-07,True,1.820566225148626e-06
burgers_1d,2,0,0,0.6,011001110001000000011100,0.9662109375,0.016406249999999997,8.2453109488866e-08,0.0002871464948224903,True,0.9664835289928857
burgers_1d,2,0,1,0.075,000000000100000000000001,0.00029296875,7.32421875e-05,5.744144330800127e-10,2.3966944591989063e-05,True,0.00027259149288565355
burgers_1d,2,0,2,0.009375,111111111110111111111111,-1.8310546875e-05,-9.1552734375e-06,1.1168230762853602e-11,3.3418902978646686e-06,True,2.037725711424207e-05
burgers_1d,2,0,3,0.001171875,111111111110111111111110,-2.288818359375e-06,-2.288818359375e-06,1.30780459430465e-13,3.616358104848817e-07,True,2.5509513910402618e-06
burgers_1d,2,1,0,0.6,000000011100011001110001,0.016406249999999997,0.9662109375,4.1637613788915396e-09,6.452721425020587e-05,True,0.9662028550193007
burgers_1d,2,1,1,0.075,000000000001000000000000,7.32421875e-05,0.0,2.0995983426534492e-10,1.4489990830432517e-05,True,6.153596267145984e-05
burgers_1d,2,1,2,0.009375,111111111111111111111111,-9.1552734375e-06,-9.1552734375e-06,8.406348082769935e-12,2.899370290696937e-06,True,1.170622482854015e-05
burgers_1d,2,1,3,0.001171875,111111111110000000000001,-2.288818359375e-06,1.1444091796875e-06,7.775393721061739e-14,2.788439297826706e-07,True,2.550951391041146e-06
burgers_1d,3,0,0,0.6,011001110001000000011100,0.9662109375,0.016406249999999997,8.2453109488866e-08,0.0002871464948224903,True,0.9664835289928857
burgers_1d,3,0,1,0.075,000000000100000000000001,0.00029296875,7.32421875e-05,5.744144330800127e-10,2.3966944591989063e-05,True,0.00027259149288565355
burgers_1d,3,0,2,0.009375,111111111110111111111111,-1.8310546875e-05,-9.1552734375e-06,1.1168230762853602e-11,3.3418902978646686e-06,True,2.037725711424207e-05
burgers_1d,3,0,3,0.001171875,111111111110111111111110,-2.288818359375e-06,-2.288818359375e-06,1.30780459430465e-13,3.616358104848817e-07,True,2.5509513910402618e-06
burgers_1d,3,1,0,0.6,000000011100011001110001,0.016406249999999997,0.9662109375,4.1637613788915396e-09,6.452721425020587e-05,True,0.9662028550193007
burgers_1d,3,1,1,0.075,000000000001000000000000,7.32421875e-05,0.0,2.0995983426534492e-10,1.4489990830432517e-05,True,6.153596267145984e-05
burgers_1d,3,1,2,0.009375,111111111111111111111111,-9.1552734375e-06,-9.1552734375e-06,8.406348082769935e-12,2.899370290696937e-06,True,1.170622482854015e-05
burgers_1d,3,1,3,0.001171875,111111111110000000000001,-2.288818359375e-06,1.1444091796875e-06,7.775393721061739e-14,2.788439297826706e-07,True,2.550951391041146e-06
burgers_1d,4,0,0,0.6,011001110001000000011100,0.9662109375,0.016406249999999997,8.2453109488866e-08,0.0002871464948224903,True,0.9664835289928857
burgers_1d,4,0,1,0.075,000000000100000000000001,0.00029296875,7.32421875e-05,5.744144330800127e-10,2.3966944591989063e-05,True,0.00027259149288565355
burgers_1d,4,0,2,0.009375,111111111110111111111111,-1.8310546875e-05,-9.1552734375e-06,1.1168230762853602e-11,3.3418902978646686e-06,True,2.037725711424207e-05
burgers_1d,4,0,3,0.001171875,111111111110111111111110,-2.288818359375e-06,-2.288818359375e-06,1.30780459430465e-13,3.616358104848817e-07,True,2.5509513910402618e-06
burgers_1d,4,1,0,0.6,000000011100011001110001,0.016406249999999997,0.9662109375,4.1637613788915396e-09,6.452721425020587e-05,True,0.9662028550193007
burgers_1d,4,1,1,0.075,000000000001000000000000,7.32421875e-05,0.0,2.0995983426534492e-10,1.4489990830432517e-05,True,6.153596267145984e-05
burgers_1d,4,1,2,0.009375,111111111111111111111111,-9.1552734375e-06,-9.1552734375e-06,8.406348082769935e-12,2.899370290696937e-06,True,1.170622482854015e-05
burgers_1d,4,1,3,0.001171875,111111111110000000000001,-2.288818359375e-06,1.1444091796875e-06,7.775393721061739e-14,2.788439297826706e-07,True,2.550951391041146e-06
burgers_1d,5,0,0,0.6,011001110001000000011100,0.9662109375,0.016406249999999997,8.2453109488866e-08,0.0002871464948224903,True,0.9664835289928857
burgers_1d,5,0,1,0.075,000000000100000000000001,0.00029296875,7.32421875e-05,5.744144330800127e-10,2.3966944591989063e-05,True,0.00027259149288565355
burgers_1d,5,0,2,0.009375,111111111110111111111111,-1.8310546875e-05,-9.1552734375e-06,1.1168230762853602e-11,3.3418902978646686e-06,True,2.037725711424207e-05
burgers_1d,5,0,3,0.001171875,111111111110111111111110,-2.288818359375e-06,-2.288818359375e-06,1.30780459430465e-13,3.616358104848817e-07,True,2.5509513910402618e-06
burgers_1d,5,1,0,0.6,000000011100011001110001,0.016406249999999997,0.9662109375,4.1637613788915396e-09,6.452721425020587e-05,True,0.9662028550193007
burgers_1d,5,1,1,0.075,000000000001000000000000,7.32421875e-05,0.0,2.0995983426534492e-10,1.4489990830432517e-05,True,6.153596267145984e-05
burgers_1d,5,1,2,0.009375,111111111111111111111111,-9.1552734375e-06,-9.1552734375e-06,8.406348082769935e-12,2.899370290696937e-06,True,1.170622482854015e-05
burgers_1d,5,1,3,0.001171875,111111111110000000000001,-2.288818359375e-06,1.1444091796875e-06,7.775393721061739e-14,2.788439297826706e-07,True,2.550951391041146e-06
burgers_1d,6,0,0,0.6,011001110001000000011100,0.9662109375,0.016406249999999997,8.2453109488866e-08,0.0002871464948224903,True,0.9664835289928857
burgers_1d,6,0,1,0.075,000000000100000000000001,0.00029296875,7.32421875e-05,5.744144330800127e-10,2.3966944591989063e-05,True,0.00027259149288565355
burgers_1d,6,0,2,0.009375,111111111110111111111111,-1.8310546875e-05,-9.1552734375e-06,1.1168230762853602e-11,3.3418902978646686e-06,True,2.037725711424207e-05
burgers_1d,6,0,3,0.001171875,111111111110111111111110,-2.288818359375e-06,-2.288818359375e-06,1.30780459430465e-13,3.616358104848817e-07,True,2.5509513910402618e-06
burgers_1d,6,1,0,0.6,000000011100011001110001,0.016406249999999997,0.9662109375,4.1637613788915396e-09,6.452721425020587e-05,True,0.9662028550193007
burgers_1d,6,1,1,0.075,000000000001000000000000,7.32421875e-05,0.0,2.0995983426534492e-10,1.4489990830432517e-05,True,6.153596267145984e-05
burgers_1d,6,1,2,0.009375,111111111111111111111111,-9.1552734375e-06,-9.1552734375e-06,8.406348082769935e-12,2.899370290696937e-06,True,1.170622482854015e-05
burgers_1d,6,1,3,0.001171875,111111111110000000000001,-2.288818359375e-06,1.1444091796875e-06,7.775393721061739e-14,2.788439297826706e-07,True,2.550951391041146e-06
burgers_1d,7,0,0,0.6,011001110001000000011100,0.9662109375,0.016406249999999997,8.2453109488866e-08,0.0002871464948224903,True,0.9664835289928857
burgers_1d,7,0,1,0.075,000000000100000000000001,0.00029296875,7.32421875e-05,5.744144330800127e-10,2.3966944591989063e-05,True,0.00027259149288565355
burgers_1d,7,0,2,0.009375,111111111110111111111111,-1.8310546875e-05,-9.1552734375e-06,1.1168230762853602e-11,3.3418902978646686e-06,True,2.037725711424207e-05
burgers_1d,7,0,3,0.001171875,111111111110111111111110,-2.288818359375e-06,-2.288818359375e-06,1.30780459430465e-13,3.616358104848817e-07,True,2.5509513910402618e-06
burgers_1d,7,1,0,0.6,000000011100011001110001,0.016406249999999997,0.9662109375,4.1637613788915396e-09,6.452721425020587e-05,True,0.9662028550193007
burgers_1d,7,1,1,0.075,000000000001000000000000,7.32421875e-05,0.0,2.0995983426534492e-10,1.4489990830432517e-05,True,6.153596267145984e-05
burgers_1d,7,1,2,0.009375,111111111111111111111111,-9.1552734375e-06,-9.1552734375e-06,8.406348082769935e-12,2.899370290696937e-06,True,1.170622482854015e-05
burgers_1d,7,1,3,0.001171875,111111111110000000000001,-2.288818359375e-06,1.1444091796875e-06,7.775393721061739e-14,2.788439297826706e-07,True,2.550951391041146e-06
burgers_1d,8,0,0,0.6,011001110001000000011100,0.9662109375,0.016406249999999997,8.2453109488866e-08,0.0002871464948224903,True,0.9664835289928857
burgers_1d,8,0,1,0.075,000000000100000000000001,0.00029296875,7.32421875e-05,5.744144330800127e-10,2.3966944591989063e-05,True,0.00027259149288565355
burgers_1d,8,0,2,0.009375,111111111110111111111111,-1.8310546875e-05,-9.1552734375e-06,1.1168230762853602e-11,3.3418902978646686e-06,True,2.037725711424207e-05
burgers_1d,8,0,3,0.001171875,111111111110111111111110,-2.288818359375e-06,-2.288818359375e-06,1.30780459430465e-13,3.616358104848817e-07,True,2.5509513910402618e-06
burgers_1d,8,1,0,0.6,000000011100011001110001,0.016406249999999997,0.9662109375,4.1637613788915396e-09,6.452721425020587e-05,True,0.9662028550193007
burgers_1d,8,1,1,0.075,000000000001000000000000,7.32421875e-05,0.0,2.0995983426534492e-10,1.4489990830432517e-05,True,6.153596267145984e-05
burgers_1d,8,1,2,0.009375,111111111111111111111111,-9.1552734375e-06,-9.1552734375e-06,8.406348082769935e-12,2.899370290696937e-06,True,1.170622482854015e-05
burgers_1d,8,1,3,0.001171875,111111111110000000000001,-2.288818359375e-06,1.1444091796875e-06,7.775393721061739e-14,2.788439297826706e-07,True,2.550951391041146e-06
burgers_1d,9,0,0,0.6,011001110001000000011100,0.9662109375,0.016406249999999997,8.2453109488866e-08,0.0002871464948224903,True,0.9664835289928857
burgers_1d,9,0,1,0.075,000000000100000000000001,0.00029296875,7.32421875e-05,5.744144330800127e-10,2.3966944591989063e-05,True,0.00027259149288565355
burgers_1d,9,0,2,0.009375,111111111110111111111111,-1.8310546875e-05,-9.1552734375e-06,1.1168230762853602e-11,3.3418902978646686e-06,True,2.037725711424207e-05
burgers_1d,9,0,3,0.001171875,111111111110111111111110,-2.288818359375e-06,-2.288818359375e-06,1.30780459430465e-13,3.616358104848817e-07,True,2.5509513910402618e-06
burgers_1d,9,1,0,0.6,000000011100011001110001,0.016406249999999997,0.9662109375,4.1637613788915396e-09,6.452721425020587e-05,True,0.9662028550193007
burgers_1d,9,1,1,0.075,000000000001000000000000,7.32421875e-05,0.0,2.0995983426534492e-10,1.4489990830432517e-05,True,6.153596267145984e-05
burgers_1d,9,1,2,0.009375,111111111111111111111111,-9.1552734375e-06,-9.1552734375e-06,8.406348082769935e-12,2.899370290696937e-06,True,1.170622482854015e-05
burgers_1d,9,1,3,0.001171875,111111111110000000000001,-2.288818359375e-06,1.1444091796875e-06,7.775393721061739e-14,2.788439297826706e-07,True,2.550951391041146e-06
burgers_1d,10,0,0,0.6,011001110001000000011100,0.9662109375,0.016406249999999997,8.2453109488866e-08,0.0002871464948224903,True,0.9664835289928857
burgers_1d,10,0,1,0.075,000000000100000000000001,0.00029296875,7.32421875e-05,5.744144330800127e-10,2.3966944591989063e-05,True,0.00027259149288565355
burgers_1d,10,0,2,0.009375,111111111110111111111111,-1.8310546875e-05,-9.1552734375e-06,1.1168230762853602e-11,3.3418902978646686e-06,True,2.037725711424207e-05
burgers_1d,10,0,3,0.001171875,111111111110111111111110,-2.288818359375e-06,-2.288818359375e-06,1.30780459430465e-13,3.616358104848817e-07,True,2.5509513910402618e-06
burgers_1d,10,1,0,0.6,000000011100011001110001,0.016406249999999997,0.9662109375,4.1637613788915396e-09,6.452721425020587e-05,True,0.9662028550193007
burgers_1d,10,1,1,0.075,000000000001000000000000,7.32421875e-05,0.0,2.0995983426534492e-10,1.4489990830432517e-05,True,6.153596267145984e-05
burgers_1d,10,1,2,0.009375,111111111111111111111111,-9.1552734375e-06,-9.1552734375e-06,8.406348082769935e-12,2.899370290696937e-06,True,1.170622482854015e-05
burgers_1d,10,1,3,0.001171875,111111111110000000000001,-2.288818359375e-06,1.1444091796875e-06,7.775393721061739e-14,2.788439297826706e-07,True,2.550951391041146e-06
poisson_2d,1,0,0,0.01,000110001010000000001110,0.00384765625,0.00013671874999999999,1.5480041503904848e-06,0.0012441881491119604,True,0.003850767931989514
poisson_2d,1,0,1,0.00125,000000000011111111111101,3.662109375e-06,-3.662109375e-06,2.560913562774282e-08,0.0001600285462902326,True,3.422936969593739e-06
poisson_2d,1,0,2,0.00015625,111111111100000000000010,-6.103515625e-07,3.0517578125e-07,5.749054253079982e-10,2.3977185516835015e-05,True,5.504273854861761e-07
poisson_2d,1,0,3,1.953125e-05,000000000011111111111101,5.7220458984375e-08,-5.7220458984375e-08,5.9379090088452635e-12,2.4367825115986425e-06,True,6.600337584372013e-08
poisson_2d,1,1,0,0.01,000000001110000110001010,0.00013671874999999999,0.00384765625,1.5480041503904695e-06,0.0012441881491118828,True,0.0038507679319895144
poisson_2d,1,1,1,0.00125,111111111101000000000011,-3.662109375e-06,3.662109375e-06,2.560913562777555e-08,0.00016002854629023242,True,3.4229369695937396e-06
poisson_2d,1,1,2,0.00015625,000000000010111111111100,3.0517578125e-07,-6.103515625e-07,5.749054253080132e-10,2.3977185516833254e-05,True,5.504273854861763e-07
poisson_2d,1,1,3,1.953125e-05,111111111101000000000011,-5.7220458984375e-08,5.7220458984375e-08,5.937909008834252e-12,2.4367825116289324e-06,True,6.600337584371095e-08
poisson_2d,2,0,0,0.01,000111111000000000011011,0.004921875,0.000263671875,5.229525002585144e-07,0.0007231545479760974,True,0.0049253341365322586
poisson_2d,2,0,1,0.00125,000000000011000000000001,3.662109375e-06,1.220703125e-06,1.7512808529957852e-09,4.184830764797868e-05,True,3.4591365322581354e-06
poisson_2d,2,0,2,0.00015625,111111111111000000000000,-1.52587890625e-07,0.0,1.226048024301234e-10,1.1072705289665548e-05,True,2.0297284274210342e-07
poisson_2d,2,0,3,1.953125e-05,111111111101000000000001,-5.7220458984375e-08,1.9073486328125e-08,2.6736819110061912e-12,1.635139722332477e-06,True,5.038495211749321e-08
poisson_2d,2,1,0,0.01,000000011011000111111000,0.000263671875,0.004921875,5.229525002585144e-07,0.000723154547976098,True,0.0049253341365322586
poisson_2d,2,1,1,0.00125,000000000001000000000011,1.220703125e-06,3.662109375e-06,1.7512808529958123e-09,4.184830764797905e-05,True,3.4591365322581363e-06
poisson_2d,2,1,2,0.00015625,000000000000111111111111,0.0,-1.52587890625e-07,1.2260480243014458e-10,1.1072705289457142e-05,True,2.0297284274210265e-07
poisson_2d,2,1,3,1.953125e-05,000000000001111111111101,1.9073486328125e-08,-5.7220458984375e-08,2.6736819116379044e-12,1.635139722430681e-06,True,5.038495211639898e-08
poisson_2d,3,0,0,0.01,001000100100000000100110,0.0053515625,0.00037109375,1.1596180224158648e-06,0.0010768556181846613,True,0.005347435243693096
poisson_2d,3,0,1,0.00125,111111111101111111111100,-3.662109375e-06,-4.8828125e-06,1.2813076847761635e-08,0.0001131948622852144,True,4.560371833295431e-06
poisson_2d,3,0,2,0.00015625,111111111101000000000010,-4.57763671875e-07,3.0517578125e-07,1.373935604415039e-11,3.7066637350447787e-06,True,4.6514693190371633e-07
poisson_2d,3,0,3,1.953125e-05,000000000000000000000001,0.0,1.9073486328125e-08,1.9202133322505546e-12,1.385717623446242e-06,True,1.7264885454495393e-08
poisson_2d,3,1,0,0.01,000000100110001000100100,0.00037109375,0.0053515625,1.1596180224158684e-06,0.00107685561818466,True,0.005347435243693096
poisson_2d,3,1,1,0.00125,111111111100111111111101,-4.8828125e-06,-3.662109375e-06,1.281307684776187e-08,0.00011319486228521136,True,4.560371833295422e-06
poisson_2d,3,1,2,0.00015625,000000000010111111111101,3.0517578125e-07,-4.57763671875e-07,1.3739356044115905e-11,3.7066637350528907e-06,True,4.6514693190371824e-07
poisson_2d,3,1,3,1.953125e-05,000000000001000000000000,1.9073486328125e-08,0.0,1.920213332246147e-12,1.3857176234466212e-06,True,1.7264885454543548e-08
poisson_2d,4,0,0,0.01,001000110111000000101101,0.005537109375,0.000439453125,1.2309527017685365e-07,0.00035084935538895126,True,0.005537949975940095
poisson_2d,4,0,1,0.00125,000000000001111111111111,1.220703125e-06,-1.220703125e-06,8.171162907165707e-09,9.039448493774559e-05,True,1.6045173586644032e-06
poisson_2d,4,0,2,0.00015625,111111111101111111111101,-4.57763671875e-07,-4.57763671875e-07,3.221041914960296e-10,1.79472613926006e-05,True,3.8381423366442953e-07
poisson_2d,4,0,3,1.953125e-05,000000000100000000000100,7.62939453125e-08,7.62939453125e-08,2.782382466600623e-13,5.274829349645341e-07,True,7.766148696934783e-08
poisson_2d,4,1,0,0.01,000000101101001000110111,0.000439453125,0.005537109375,1.2309527017688568e-07,0.0003508493553889539,True,0.005537949975940095
poisson_2d,4,1,1,0.00125,111111111111000000000001,-1.220703125e-06,1.220703125e-06,8.171162907166097e-09,9.039448493773808e-05,True,1.60451735866442e-06
poisson_2d,4,1,2,0.00015625,111111111101111111111101,-4.57763671875e-07,-4.57763671875e-07,3.221041914962901e-10,1.794726139260008e-05,True,3.83814233664371e-07
poisson_2d,4,1,3,1.953125e-05,000000000100000000000100,7.62939453125e-08,7.62939453125e-08,2.7823824666073784e-13,5.27482934970576e-07,True,7.766148696934748e-08
poisson_2d,5,0,0,0.01,001001000001000000110010,0.005634765625,0.00048828125,6.898472028691556e-07,0.0008305704081347379,True,0.005630898338259121
poisson_2d,5,0,1,0.00125,111111111101111111111101,-3.662109375e-06,-3.662109375e-06,6.8557483676605066e-09,8.279944666268835e-05,True,3.867286740879241e-06
poisson_2d,5,0,2,0.00015625,111111111111000000000011,-1.52587890625e-07,4.57763671875e-07,2.422061509589248e-10,1.5562973718473803e-05,True,3.7930455853275273e-07
poisson_2d,5,0,3,1.953125e-05,111111111101111111111100,-5.7220458984375e-08,-7.62939453125e-08,9.533920457724445e-13,9.764179668867675e-07,True,7.845911334233191e-08
poisson_2d,5,1,0,0.01,000000110010001001000001,0.00048828125,0.005634765625,6.89847202869111e-07,0.0008305704081347415,True,0.005630898338259121
poisson_2d,5,1,1,0.00125,111111111101111111111101,-3.662109375e-06,-3.662109375e-06,6.855748367659708e-09,8.279944666269276e-05,True,3.867286740879245e-06
poisson_2d,5,1,2,0.00015625,000000000011111111111111,4.57763671875e-07,-1.52587890625e-07,2.422061509587889e-10,1.5562973718475775e-05,True,3.793045585327817e-07
poisson_2d,5,1,3,1.953125e-05,111111111100111111111101,-7.62939453125e-08,-5.7220458984375e-08,9.533920457745716e-13,9.764179668895627e-07,True,7.845911334234498e-08
poisson_2d,6,0,0,0.01,001001000110000000110101,0.005683593749999999,0.000517578125,8.479870079331537e-07,0.0009208621003889879,True,0.005678654177342727
poisson_2d,6,0,1,0.00125,111111111100111111111110,-4.8828125e-06,-2.44140625e-06,1.2284051615967008e-09,3.5048611407536735e-05,True,4.939572657271944e-06
poisson_2d,6,0,2,0.00015625,000000000000111111111111,0.0,-1.52587890625e-07,1.4006347302444894e-10,1.1834841487137702e-05,True,1.9870007200755336e-07
poisson_2d,6,0,3,1.953125e-05,111111111101111111111110,-5.7220458984375e-08,-3.814697265625e-08,2.0653170197090037e-12,1.4371210873739146e-06,True,5.676015727199184e-08
poisson_2d,6,1,0,0.01,000000110101001001000110,0.000517578125,0.005683593749999999,8.479870079331825e-07,0.0009208621003889907,True,0.005678654177342728
poisson_2d,6,1,1,0.00125,111111111110111111111100,-2.44140625e-06,-4.8828125e-06,1.2284051615971576e-09,3.5048611407535e-05,True,4.939572657271947e-06
poisson_2d,6,1,2,0.00015625,111111111111000000000000,-1.52587890625e-07,0.0,1.400634730244232e-10,1.1834841487132656e-05,True,1.987000720075433e-07
poisson_2d,6,1,3,1.953125e-05,111111111110111111111101,-3.814697265625e-08,-5.7220458984375e-08,2.0653170196856572e-12,1.437121087373539e-06,True,5.676015727198762e-08
poisson_2d,7,0,0,0.01,001001001000000000110111,0.005703125,0.000537109375,4.999089689261728e-07,0.0007070424095669229,True,0.00570411214097829
poisson_2d,7,0,1,0.00125,000000000001111111111101,1.220703125e-06,-3.662109375e-06,1.6868674078767029e-09,4.1071491425018944e-05,True,3.6773761983293616e-06
poisson_2d,7,0,2,0.00015625,111111111110000000000000,-3.0517578125e-07,0.0,1.8196434133881789e-10,1.3489415900608346e-05,True,2.3356214671097226e-07
poisson_2d,7,0,3,1.953125e-05,000000000100111111111111,7.62939453125e-08,-1.9073486328125e-08,1.3568484372657755e-12,1.1648383739125107e-06,True,7.161363453920751e-08
poisson_2d,7,1,0,0.01,000000110111001001001000,0.000537109375,0.005703125,4.999089689261933e-07,0.0007070424095669199,True,0.00570411214097829
poisson_2d,7,1,1,0.00125,111111111101000000000001,-3.662109375e-06,1.220703125e-06,1.686867407876709e-09,4.107149142501894e-05,True,3.6773761983293433e-06
poisson_2d,7,1,2,0.00015625,000000000000111111111110,0.0,-3.0517578125e-07,1.8196434133881789e-10,1.3489415900501322e-05,True,2.3356214671097228e-07
poisson_2d,7,1,3,1.953125e-05,111111111111000000000100,-1.9073486328125e-08,7.62939453125e-08,1.3568484374672306e-12,1.164838373747382e-06,True,7.161363453857553e-08
poisson_2d,8,0,0,0.01,001001001010000000111000,0.0057226562499999994,0.0005468749999999999,7.034411333753874e-07,0.0008387139759031777,True,0.0057180460338579955
poisson_2d,8,0,1,0.00125,111111111100111111111110,-4.8828125e-06,-2.44140625e-06,2.9294546524610198e-09,5.412443674044009e-05,True,4.6102161420040436e-06
poisson_2d,8,0,2,0.00015625,000000000010000000000001,3.0517578125e-07,1.52587890625e-07,1.165316583869891e-10,1.079498301925162e-05,True,2.725963579965798e-07
poisson_2d,8,0,3,1.953125e-05,111111111110000000000010,-3.814697265625e-08,3.814697265625e-08,2.250995661218221e-12,1.5003318503482732e-06,True,4.5657652879750196e-08
poisson_2d,8,1,0,0.01,000000111000001001001010,0.0005468749999999999,0.0057226562499999994,7.034411333753254e-07,0.0008387139759029736,True,0.0057180460338579955
poisson_2d,8,1,1,0.00125,111111111110111111111100,-2.44140625e-06,-4.8828125e-06,2.9294546524806885e-09,5.4124436740444386e-05,True,4.6102161420027755e-06
poisson_2d,8,1,2,0.00015625,000000000001000000000010,1.52587890625e-07,3.0517578125e-07,1.165316583871208e-10,1.0794983019377233e-05,True,2.72596357996584e-07
poisson_2d,8,1,3,1.953125e-05,000000000010111111111110,3.814697265625e-08,-3.814697265625e-08,2.250995660811835e-12,1.5003318503418648e-06,True,4.5657652879568706e-08
poisson_2d,9,0,0,0.01,001001001010000000111000,0.0057226562499999994,0.0005468749999999999,7.653057168053907e-07,0.0008748175334351552,True,0.005725809537707341
poisson_2d,9,0,1,0.00125,000000000011000000000100,3.662109375e-06,4.8828125e-06,1.1331357133767114e-08,0.00010644884749851362,True,4.451334805545965e-06
poisson_2d,9,0,2,0.00015625,111111111101111111111101,-4.57763671875e-07,-4.57763671875e-07,1.1949620652058185e-10,1.09314320435681e-05,True,5.088216676567055e-07
poisson_2d,9,0,3,1.953125e-05,111111111101000000000001,-5.7220458984375e-08,1.9073486328125e-08,2.2906189188131094e-12,1.5134790777839807e-06,True,5.1057995782456434e-08
poisson_2d,9,1,0,0.01,000000111000001001001010,0.0005468749999999999,0.0057226562499999994,7.653057168054523e-07,0.0008748175334351463,True,0.005725809537707342
poisson_2d,9,1,1,0.00125,000000000100000000000011,4.8828125e-06,3.662109375e-06,1.1331357133768547e-08,0.00010644884749868224,True,4.451334805545904e-06
poisson_2d,9,1,2,0.00015625,111111111101111111111101,-4.57763671875e-07,-4.57763671875e-07,1.1949620652483255e-10,1.0931432043764233e-05,True,5.088216676579742e-07
poisson_2d,9,1,3,1.953125e-05,000000000001111111111101,1.9073486328125e-08,-5.7220458984375e-08,2.2906189184047383e-12,1.5134790777162246e-06,True,5.105799578372317e-08
poisson_2d,10,0,0,0.01,001001001011000000111001,0.005732421874999999,0.000556640625,1.761865548873665e-07,0.0004197458217628927,True,0.005730194722283377
poisson_2d,10,0,1,0.00125,111111111110111111111111,-2.44140625e-06,-1.220703125e-06,2.2722934919753225e-09,4.7668579714380915e-05,True,2.2271527166220598e-06
poisson_2d,10,0,2,0.00015625,000000000001111111111111,1.52587890625e-07,-1.52587890625e-07,1.2052037428376256e-10,1.097817718405995e-05,True,2.1425353337866836e-07
poisson_2d,10,0,3,1.953125e-05,000000000011000000000001,5.7220458984375e-08,1.9073486328125e-08,1.5456712318877247e-12,1.2432502691899297e-06,True,6.166564275391825e-08
poisson_2d,10,1,0,0.01,000000111001001001001011,0.000556640625,0.005732421874999999,1.761865548874011e-07,0.0004197458217628958,True,0.005730194722283377
poisson_2d,10,1,1,0.00125,111111111111111111111110,-1.220703125e-06,-2.44140625e-06,2.272293491975662e-09,4.766857971438271e-05,True,2.2271527166220636e-06
poisson_2d,10,1,2,0.00015625,111111111111000000000001,-1.52587890625e-07,1.52587890625e-07,1.2052037428373992e-10,1.0978177184058657e-05,True,2.142535333786665e-07
poisson_2d,10,1,3,1.953125e-05,000000000001000000000011,1.9073486328125e-08,5.7220458984375e-08,1.5456712318790714e-12,1.2432502692462608e-06,True,6.166564275391594e-08
helmholtz_2d,1,0,0,0.01,000110011001000000001111,0.003994140625,0.000146484375,2.139282226562301e-06,0.0014626285333475895,True,0.003989192625556262
helmholtz_2d,1,0,1,0.00125,111111111100111111111101,-4.8828125e-06,-3.662109375e-06,3.352761268616046e-09,5.790303332826883e-05,True,4.947999443738116e-06
helmholtz_2d,1,0,2,0.00015625,000000000000000000000001,0.0,1.52587890625e-07,5.634967237697466e-10,2.3738085933188488e-05,True,2.165137774157911e-07
helmholtz_2d,1,0,3,1.953125e-05,111111111101000000000011,-5.7220458984375e-08,5.7220458984375e-08,7.322523742955552e-12,2.7060162125503533e-06,True,6.518694373811533e-08
helmholtz_2d,1,1,0,0.01,000000001111000110011001,0.000146484375,0.003994140625,2.1392822265625155e-06,0.0014626285333475878,True,0.003989192625556262
helmholtz_2d,1,1,1,0.00125,111111111101111111111100,-3.662109375e-06,-4.8828125e-06,3.35276126861643e-09,5.7903033328266976e-05,True,4.947999443738115e-06
helmholtz_2d,1,1,2,0.00015625,000000000001000000000000,1.52587890625e-07,0.0,5.634967237696817e-10,2.3738085933190026e-05,True,2.1651377741578332e-07
helmholtz_2d,1,1,3,1.953125e-05,000000000011111111111101,5.7220458984375e-08,-5.7220458984375e-08,7.322523742963257e-12,2.7060162125471722e-06,True,6.518694373811502e-08
helmholtz_2d,2,0,0,0.01,001000010101000000011111,0.005205078125,0.000302734375,1.106691393508408e-06,0.0010519940083044232,True,0.0052095529357353825
helmholtz_2d,2,0,1,0.00125,000000000100111111111110,4.8828125e-06,-2.44140625e-06,7.02633105923037e-09,8.382321312875725e-05,True,4.47481073538239e-06
helmholtz_2d,2,0,2,0.00015625,111111111101111111111111,-4.57763671875e-07,-1.52587890625e-07,2.101488423564716e-10,1.4496511385694556e-05,True,4.080017646175608e-07
helmholtz_2d,2,0,3,1.953125e-05,000000000011111111111101,5.7220458984375e-08,-5.7220458984375e-08,3.969073302364685e-12,1.992253322874491e-06,True,5.088284670922547e-08
helmholtz_2d,2,1,0,0.01,000000011111001000010101,0.000302734375,0.005205078125,1.1066913935084071e-06,0.0010519940083044245,True,0.0052095529357353825
helmholtz_2d,2,1,1,0.00125,111111111110000000000100,-2.44140625e-06,4.8828125e-06,7.026331059230505e-09,8.382321312875758e-05,True,4.474810735382389e-06
helmholtz_2d,2,1,2,0.00015625,111111111111111111111101,-1.52587890625e-07,-4.57763671875e-07,2.1014884235648732e-10,1.4496511385694983e-05,True,4.080017646175611e-07
helmholtz_2d,2,1,3,1.953125e-05,111111111101000000000011,-5.7220458984375e-08,5.7220458984375e-08,3.969073302363131e-12,1.9922533228709005e-06,True,5.088284670922858e-08
helmholtz_2d,3,0,0,0.01,001001001101000000101101,0.005751953125,0.000439453125,8.135984147137259e-07,0.0009019969039379914,True,0.005757047119182004
helmholtz_2d,3,0,1,0.00125,000000000100000000000001,4.8828125e-06,1.220703125e-06,1.2206477977779181e-08,0.00011048293070778264,True,5.093994182004507e-06
helmholtz_2d,3,0,2,0.00015625,000000000001000000000100,1.52587890625e-07,6.103515625e-07,1.048613192899442e-10,1.0240181604396782e-05,True,6.271059238677394e-07
helmholtz_2d,3,0,3,1.953125e-05,000000000011000000000001,5.7220458984375e-08,1.9073486328125e-08,2.528944062408298e-13,5.02886076715018e-07,True,5.859379137988151e-08
helmholtz_2d,3,1,0,0.01,000000101101001001001101,0.000439453125,0.005751953125,8.13598414713723e-07,0.0009019969039379921,True,0.005757047119182004
helmholtz_2d,3,1,1,0.00125,000000000001000000000100,1.220703125e-06,4.8828125e-06,1.2206477977779757e-08,0.00011048293070775188,True,5.093994182004508e-06
helmholtz_2d,3,1,2,0.00015625,000000000100000000000001,6.103515625e-07,1.52587890625e-07,1.0486131928771136e-10,1.0240181604287726e-05,True,6.271059238676778e-07
helmholtz_2d,3,1,3,1.953125e-05,000000000001000000000011,1.9073486328125e-08,5.7220458984375e-08,2.5289440618263437e-13,5.02886076776555e-07,True,5.859379137924131e-08
helmholtz_2d,4,0,0,0.01,001001101100000000111010,0.0060546875,0.00056640625,1.0547615019562763e-06,0.0010270158236153186,True,0.006050441396399684
helmholtz_2d,4,0,1,0.00125,111111111101111111111100,-3.662109375e-06,-4.8828125e-06,1.1529357771153607e-08,0.00010737484701336382,True,5.2761878509084345e-06
helmholtz_2d,4,0,2,0.00015625,111111111100111111111101,-6.103515625e-07,-4.57763671875e-07,1.1819153006167048e-10,1.0871592802451749e-05,True,5.839942253167857e-07
helmholtz_2d,4,0,3,1.953125e-05,000000000001000000000011,1.9073486328125e-08,5.7220458984375e-08,2.3891303233257167e-12,1.5456811842305457e-06,True,6.43883209666007e-08
helmholtz_2d,4,1,0,0.01,000000111010001001101100,0.00056640625,0.0060546875,1.0547615019562613e-06,0.0010270158236153285,True,0.006050441396399684
helmholtz_2d,4,1,1,0.00125,111111111100111111111101,-4.8828125e-06,-3.662109375e-06,1.1529357771155006e-08,0.00010737484701336283,True,5.27618785090851e-06
helmholtz_2d,4,1,2,0.00015625,111111111101111111111100,-4.57763671875e-07,-6.103515625e-07,1.1819153006170884e-10,1.087159280245423e-05,True,5.839942253167847e-07
helmholtz_2d,4,1,3,1.953125e-05,000000000011000000000001,5.7220458984375e-08,1.9073486328125e-08,2.3891303233313672e-12,1.5456811842275973e-06,True,6.438832096661649e-08
helmholtz_2d,5,0,0,0.01,001001111110000001000100,0.00623046875,0.0006640625,5.961738695827409e-07,0.0007721229627350558,True,0.006227005578962217
helmholtz_2d,5,0,1,0.00125,111111111101111111111101,-3.662109375e-06,-3.662109375e-06,5.3745193835840755e-09,7.33111136430441e-05,True,4.024932559050991e-06
helmholtz_2d,5,0,2,0.00015625,000000000001111111111110,1.52587890625e-07,-3.0517578125e-07,1.7583963516374284e-10,1.3260453806845345e-05,True,3.6282318405102037e-07
helmholtz_2d,5,0,3,1.953125e-05,000000000010111111111101,3.814697265625e-08,-5.7220458984375e-08,1.8391943709281785e-12,1.3561690053279332e-06,True,5.7647402800966686e-08
helmholtz_2d,5,1,0,0.01,000001000100001001111110,0.0006640625,0.00623046875,5.961738695827613e-07,0.0007721229627350585,True,0.006227005578962217
helmholtz_2d,5,1,1,0.00125,111111111101111111111101,-3.662109375e-06,-3.662109375e-06,5.374519383584514e-09,7.331111364309881e-05,True,4.024932559051013e-06
helmholtz_2d,5,1,2,0.00015625,111111111110000000000001,-3.0517578125e-07,1.52587890625e-07,1.7583963516554698e-10,1.3260453806777485e-05,True,3.6282318405092015e-07
helmholtz_2d,5,1,3,1.953125e-05,111111111101000000000010,-5.7220458984375e-08,3.814697265625e-08,1.8391943706326133e-12,1.3561690053269822e-06,True,5.764740280106822e-08
helmholtz_2d,6,0,0,0.01,001010001010000001001100,0.00634765625,0.0007421875,5.100402054982986e-07,0.0007141709917787676,True,0.006343118687011414
helmholtz_2d,6,0,1,0.00125,111111111100111111111111,-4.8828125e-06,-1.220703125e-06,6.135298345264593e-09,7.832814529439589e-05,True,4.537562988585452e-06
helmholtz_2d,6,0,2,0.00015625,000000000010111111111110,3.0517578125e-07,-3.0517578125e-07,5.338007462207203e-11,7.3061668898114145e-06,True,3.4524951141429617e-07
helmholtz_2d,6,0,3,1.953125e-05,000000000010000000000010,3.814697265625e-08,3.814697265625e-08,1.0552929284482307e-12,1.0272745146795497e-06,True,4.007373016413116e-08
helmholtz_2d,6,1,0,0.01,000001001100001010001010,0.0007421875,0.00634765625,5.100402054982696e-07,0.000714170991778769,True,0.006343118687011414
helmholtz_2d,6,1,1,0.00125,111111111111111111111100,-1.220703125e-06,-4.8828125e-06,6.135298345265243e-09,7.83281452943088e-05,True,4.537562988585456e-06
helmholtz_2d,6,1,2,0.00015625,111111111110000000000010,-3.0517578125e-07,3.0517578125e-07,5.3380074620807604e-11,7.306166889900583e-06,True,3.452495114135939e-07
helmholtz_2d,6,1,3,1.953125e-05,000000000010000000000010,3.814697265625e-08,3.814697265625e-08,1.0552929285368015e-12,1.0272745146693068e-06,True,4.007373016483667e-08
helmholtz_2d,7,0,0,0.01,001010010010000001010011,0.00642578125,0.0008105468750000001,4.299401756049416e-07,0.0006556982351699175,True,0.006425082272616387
helmholtz_2d,7,0,1,0.00125,111111111111111111111100,-1.220703125e-06,-4.8828125e-06,1.3439244670598797e-08,0.0001159277562560847,True,4.2308784455399116e-06
helmholtz_2d,7,0,2,0.00015625,000000000011000000000100,4.57763671875e-07,6.103515625e-07,1.1444382894570671e-10,1.0697842256571748e-05,True,6.519340544598128e-07
helmholtz_2d,7,0,3,1.953125e-05,000000000011000000000010,5.7220458984375e-08,3.814697265625e-08,1.1634294290695805e-12,1.0786238589292937e-06,True,6.396206951237964e-08
helmholtz_2d,7,1,0,0.01,000001010011001010010010,0.0008105468750000001,0.00642578125,4.2994017560494436e-07,0.0006556982351699301,True,0.006425082272616387
helmholtz_2d,7,1,1,0.00125,111111111100111111111111,-4.8828125e-06,-1.220703125e-06,1.3439244670567235e-08,0.00011592775625603382,True,4.230878445540114e-06
helmholtz_2d,7,1,2,0.00015625,000000000100000000000011,6.103515625e-07,4.57763671875e-07,1.1444382894385291e-10,1.0697842256576066e-05,True,6.519340544598498e-07
helmholtz_2d,7,1,3,1.953125e-05,000000000010000000000011,3.814697265625e-08,5.7220458984375e-08,1.1634294290767082e-12,1.0786238589277428e-06,True,6.396206951238665e-08
helmholtz_2d,8,0,0,0.01,001010011000000001011000,0.0064843750000000006,0.000859375,8.254387679271625e-08,0.00028730450186618067,True,0.006486253896830097
helmholtz_2d,8,0,1,0.00125,000000000001000000000000,1.220703125e-06,0.0,1.3651573892078565e-08,0.00011683994989767469,True,1.8788968300957476e-06
helmholtz_2d,8,0,2,0.00015625,000000000100000000000100,6.103515625e-07,6.103515625e-07,1.9774339307408762e-10,1.4062126193167251e-05,True,6.581937050962123e-07
helmholtz_2d,8,0,3,1.953125e-05,000000000011111111111101,5.7220458984375e-08,-5.7220458984375e-08,2.406202304056172e-12,1.5511938318798307e-06,True,6.341072270839812e-08
helmholtz_2d,8,1,0,0.01,000001011000001010011000,0.000859375,0.0064843750000000006,8.25438767927615e-08,0.0002873045018661827,True,0.006486253896830096
helmholtz_2d,8,1,1,0.00125,000000000000000000000001,0.0,1.220703125e-06,1.3651573892080404e-08,0.00011683994989758965,True,1.8788968300957586e-06
helmholtz_2d,8,1,2,0.00015625,000000000100000000000100,6.103515625e-07,6.103515625e-07,1.977433930720458e-10,1.4062126193238722e-05,True,6.581937050954953e-07
helmholtz_2d,8,1,3,1.953125e-05,111111111101000000000011,-5.7220458984375e-08,5.7220458984375e-08,2.406202303761525e-12,1.5511938320618914e-06,True,6.341072270831748e-08
helmholtz_2d,9,0,0,0.01,001010011101000001011101,0.006533203125,0.000908203125,4.7383194661256895e-07,0.0006883545210228015,True,0.006533930982654333
helmholtz_2d,9,0,1,0.00125,000000000001111111111101,1.220703125e-06,-3.662109375e-06,8.120701691842753e-09,9.011493600856118e-05,True,4.115762806266495e-06
helmholtz_2d,9,0,2,0.00015625,111111111101111111111101,-4.57763671875e-07,-4.57763671875e-07,3.2900348441956686e-11,5.735882533928469e-06,True,4.92845470666199e-07
helmholtz_2d,9,0,3,1.953125e-05,111111111110000000000000,-3.814697265625e-08,0.0,4.825468317571471e-13,6.94655908865398e-07,True,3.508179879181794e-08
helmholtz_2d,9,1,0,0.01,000001011101001010011101,0.000908203125,0.006533203125,4.738319466125254e-07,0.0006883545210228297,True,0.006533930982654333
helmholtz_2d,9,1,1,0.00125,111111111101000000000001,-3.662109375e-06,1.220703125e-06,8.12070169182729e-09,9.011493600855991e-05,True,4.115762806266364e-06
helmholtz_2d,9,1,2,0.00015625,111111111101111111111101,-4.57763671875e-07,-4.57763671875e-07,3.2900348441962057e-11,5.7358825339271755e-06,True,4.928454706661972e-07
helmholtz_2d,9,1,3,1.953125e-05,000000000000111111111110,0.0,-3.814697265625e-08,4.825468317510505e-13,6.946559088618606e-07,True,3.508179879182273e-08
helmholtz_2d,10,0,0,0.01,001010100001000001100000,0.006572265625,0.0009375,2.720329834175228e-07,0.0005215678128657332,True,0.0065723081298466705
helmholtz_2d,10,0,1,0.00125,000000000000000000000011,0.0,3.662109375e-06,2.8638641980357643e-09,5.3515083836602054e-05,True,3.335449839466031e-06
helmholtz_2d,10,0,2,0.00015625,000000000000111111111110,0.0,-3.0517578125e-07,6.846935345687977e-11,8.274621046198672e-06,True,3.2665953553401303e-07
helmholtz_2d,10,0,3,1.953125e-05,000000000010111111111111,3.814697265625e-08,-1.9073486328125e-08,7.55811627973524e-13,8.693742737621762e-07,True,4.250484667003522e-08
helmholtz_2d,10,1,0,0.01,000001100000001010100001,0.0009375,0.006572265625,2.7203298341751297e-07,0.0005215678128657007,True,0.00657230812984667
helmholtz_2d,10,1,1,0.00125,000000000011000000000000,3.662109375e-06,0.0,2.863864198042326e-09,5.3515083836625845e-05,True,3.335449839466215e-06
helmholtz_2d,10,1,2,0.00015625,111111111110000000000000,-3.0517578125e-07,0.0,6.846935345840776e-11,8.274621046196353e-06,True,3.266595355338747e-07
helmholtz_2d,10,1,3,1.953125e-05,111111111111000000000010,-1.9073486328125e-08,3.814697265625e-08,7.558116279693002e-13,8.693742736687493e-07,True,4.250484667003944e-08
klein_gordon_1d,1,0,0,1.0,001111111111101110111000,0.9990234375,-1.0703125,2.8002704238823796e-08,0.00016734008557071396,True,1.0700737156343385
klein_gordon_1d,1,0,1,0.125,111111111111000000000010,-0.0001220703125,0.000244140625,1.452824884638616e-09,3.8115940033553646e-05,True,0.00023878436566153707
klein_gordon_1d,1,0,2,0.015625,000000000010000000000000,3.0517578125e-05,0.0,5.938014723764075e-11,7.705851493354953e-06,True,2.8559096865707667e-05
klein_gordon_1d,1,0,3,0.001953125,111111111111111111111101,-1.9073486328125e-06,-5.7220458984375e-06,9.938071725752862e-14,3.1524707336096155e-07,True,5.356259338516146e-06
klein_gordon_1d,1,1,0,1.0,000000000001001111111111,0.0009765625,0.9990234375,5.341804885869611e-09,7.308765207522822e-05,True,0.9989299262843656
klein_gordon_1d,1,1,1,0.125,000000000000111111111111,0.0,-0.0001220703125,3.2573261499364584e-09,5.7072989670565285e-05,True,9.351121563437673e-05
klein_gordon_1d,1,1,2,0.015625,000000000001000000000010,1.52587890625e-05,3.0517578125e-05,8.255580672950735e-11,9.086022602319231e-06,True,2.855909686562343e-05
klein_gordon_1d,1,1,3,0.001953125,000000000100111111111111,7.62939453125e-06,-1.9073486328125e-06,6.419894576632274e-13,8.012424463169524e-07,True,7.108637221865779e-06
klein_gordon_1d,2,0,0,1.0,001111111111101110111000,0.9990234375,-1.0703125,1.8764919448917085e-07,0.0004331849425928975,True,1.069789741057845
klein_gordon_1d,2,0,1,0.125,111111111111000000000101,-0.0001220703125,0.0006103515625,4.052276314968334e-09,6.365749221395e-05,True,0.0005227589421550363
klein_gordon_1d,2,0,2,0.015625,000000000010111111111010,3.0517578125e-05,-9.1552734375e-05,7.512383612503904e-12,2.740872782995686e-06,True,8.75926203449779e-05
klein_gordon_1d,2,0,3,0.001953125,111111111111000000000010,-1.9073486328125e-06,3.814697265625e-06,2.099953365415466e-13,4.5825248119626417e-07,True,3.960114030042057e-06
klein_gordon_1d,2,1,0,1.0,000000000001001111111111,0.0009765625,0.9990234375,5.303223947289206e-09,7.282323768749371e-05,True,0.9989302102589421
klein_gordon_1d,2,1,1,0.125,000000000000111111111111,0.0,-0.0001220703125,3.286595138313289e-09,5.7328833393967495e-05,True,9.322724105779744e-05
klein_gordon_1d,2,1,2,0.015625,000000000001000000000010,1.52587890625e-05,3.0517578125e-05,8.582859593520495e-11,9.264372398298252e-06,True,2.8843071442202707e-05
klein_gordon_1d,2,1,3,0.001953125,000000000100111111111111,7.62939453125e-06,-1.9073486328125e-06,3.764685193404355e-13,6.135703051223929e-07,True,7.1089211964422554e-06
klein_gordon_1d,3,0,0,1.0,001111111111101110111000,0.9990234375,-1.0703125,1.8764919448917085e-07,0.0004331849425928975,True,1.069789741057845
klein_gordon_1d,3,0,1,0.125,111111111111000000000101,-0.0001220703125,0.0006103515625,4.052276314968334e-09,6.365749221395e-05,True,0.0005227589421550363
klein_gordon_1d,3,0,2,0.015625,000000000010111111111010,3.0517578125e-05,-9.1552734375e-05,7.512383612503904e-12,2.740872782995686e-06,True,8.75926203449779e-05
klein_gordon_1d,3,0,3,0.001953125,111111111111000000000010,-1.9073486328125e-06,3.814697265625e-06,2.099953365415466e-13,4.5825248119626417e-07,True,3.960114030042057e-06
klein_gordon_1d,3,1,0,1.0,000000000001001111111111,0.0009765625,0.9990234375,5.303223947289206e-09,7.282323768749371e-05,True,0.9989302102589421
klein_gordon_1d,3,1,1,0.125,000000000000111111111111,0.0,-0.0001220703125,3.286595138313289e-09,5.7328833393967495e-05,True,9.322724105779744e-05
klein_gordon_1d,3,1,2,0.015625,000000000001000000000010,1.52587890625e-05,3.0517578125e-05,8.582859593520495e-11,9.264372398298252e-06,True,2.8843071442202707e-05
klein_gordon_1d,3,1,3,0.001953125,000000000100111111111111,7.62939453125e-06,-1.9073486328125e-06,3.764685193404355e-13,6.135703051223929e-07,True,7.1089211964422554e-06
klein_gordon_1d,4,0,0,1.0,001111111111101110111000,0.9990234375,-1.0703125,1.8764919448917085e-07,0.0004331849425928975,True,1.069789741057845
klein_gordon_1d,4,0,1,0.125,111111111111000000000101,-0.0001220703125,0.0006103515625,4.052276314968334e-09,6.365749221395e-05,True,0.0005227589421550363
klein_gordon_1d,4,0,2,0.015625,000000000010111111111010,3.0517578125e-05,-9.1552734375e-05,7.512383612503904e-12,2.740872782995686e-06,True,8.75926203449779e-05
klein_gordon_1d,4,0,3,0.001953125,111111111111000000000010,-1.9073486328125e-06,3.814697265625e-06,2.099953365415466e-13,4.5825248119626417e-07,True,3.960114030042057e-06
klein_gordon_1d,4,1,0,1.0,000000000001001111111111,0.0009765625,0.9990234375,5.303223947289206e-09,7.282323768749371e-05,True,0.9989302102589421
klein_gordon_1d,4,1,1,0.125,000000000000111111111111,0.0,-0.0001220703125,3.286595138313289e-09,5.7328833393967495e-05,True,9.322724105779744e-05
klein_gordon_1d,4,1,2,0.015625,000000000001000000000010,1.52587890625e-05,3.0517578125e-05,8.582859593520495e-11,9.264372398298252e-06,True,2.8843071442202707e-05
klein_gordon_1d,4,1,3,0.001953125,000000000100111111111111,7.62939453125e-06,-1.9073486328125e-06,3.764685193404355e-13,6.135703051223929e-07,True,7.1089211964422554e-06
klein_gordon_1d,5,0,0,1.0,001111111111101110111000,0.9990234375,-1.0703125,1.8764919448917085e-07,0.0004331849425928975,True,1.069789741057845
klein_gordon_1d,5,0,1,0.125,111111111111000000000101,-0.0001220703125,0.0006103515625,4.052276314968334e-09,6.365749221395e-05,True,0.0005227589421550363
klein_gordon_1d,5,0,2,0.015625,000000000010111111111010,3.0517578125e-05,-9.1552734375e-05,7.512383612503904e-12,2.740872782995686e-06,True,8.75926203449779e-05
klein_gordon_1d,5,0,3,0.001953125,111111111111000000000010,-1.9073486328125e-06,3.814697265625e-06,2.099953365415466e-13,4.5825248119626417e-07,True,3.960114030042057e-06
klein_gordon_1d,5,1,0,1.0,000000000001001111111111,0.0009765625,0.9990234375,5.303223947289206e-09,7.282323768749371e-05,True,0.9989302102589421
klein_gordon_1d,5,1,1,0.125,000000000000111111111111,0.0,-0.0001220703125,3.286595138313289e-09,5.7328833393967495e-05,True,9.322724105779744e-05
klein_gordon_1d,5,1,2,0.015625,000000000001000000000010,1.52587890625e-05,3.0517578125e-05,8.582859593520495e-11,9.264372398298252e-06,True,2.8843071442202707e-05
klein_gordon_1d,5,1,3,0.001953125,000000000100111111111111,7.62939453125e-06,-1.9073486328125e-06,3.764685193404355e-13,6.135703051223929e-07,True,7.1089211964422554e-06
klein_gordon_1d,6,0,0,1.0,001111111111101110111000,0.9990234375,-1.0703125,1.8764919448917085e-07,0.0004331849425928975,True,1.069789741057845
klein_gordon_1d,6,0,1,0.125,111111111111000000000101,-0.0001220703125,0.0006103515625,4.052276314968334e-09,6.365749221395e-05,True,0.0005227589421550363
klein_gordon_1d,6,0,2,0.015625,000000000010111111111010,3.0517578125e-05,-9.1552734375e-05,7.512383612503904e-12,2.740872782995686e-06,True,8.75926203449779e-05
klein_gordon_1d,6,0,3,0.001953125,111111111111000000000010,-1.9073486328125e-06,3.814697265625e-06,2.099953365415466e-13,4.5825248119626417e-07,True,3.960114030042057e-06
klein_gordon_1d,6,1,0,1.0,000000000001001111111111,0.0009765625,0.9990234375,5.303223947289206e-09,7.282323768749371e-05,True,0.9989302102589421
klein_gordon_1d,6,1,1,0.125,000000000000111111111111,0.0,-0.0001220703125,3.286595138313289e-09,5.7328833393967495e-05,True,9.322724105779744e-05
klein_gordon_1d,6,1,2,0.015625,000000000001000000000010,1.52587890625e-05,3.0517578125e-05,8.582859593520495e-11,9.264372398298252e-06,True,2.8843071442202707e-05
klein_gordon_1d,6,1,3,0.001953125,000000000100111111111111,7.62939453125e-06,-1.9073486328125e-06,3.764685193404355e-13,6.135703051223929e-07,True,7.1089211964422554e-06
klein_gordon_1d,7,0,0,1.0,001111111111101110111000,0.9990234375,-1.0703125,1.8764919448917085e-07,0.0004331849425928975,True,1.069789741057845
klein_gordon_1d,7,0,1,0.125,111111111111000000000101,-0.0001220703125,0.0006103515625,4.052276314968334e-09,6.365749221395e-05,True,0.0005227589421550363
klein_gordon_1d,7,0,2,0.015625,000000000010111111111010,3.0517578125e-05,-9.1552734375e-05,7.512383612503904e-12,2.740872782995686e-06,True,8.75926203449779e-05
klein_gordon_1d,7,0,3,0.001953125,111111111111000000000010,-1.9073486328125e-06,3.814697265625e-06,2.099953365415466e-13,4.5825248119626417e-07,True,3.960114030042057e-06
klein_gordon_1d,7,1,0,1.0,000000000001001111111111,0.0009765625,0.9990234375,5.303223947289206e-09,7.282323768749371e-05,True,0.9989302102589421
klein_gordon_1d,7,1,1,0.125,000000000000111111111111,0.0,-0.0001220703125,3.286595138313289e-09,5.7328833393967495e-05,True,9.322724105779744e-05
klein_gordon_1d,7,1,2,0.015625,000000000001000000000010,1.52587890625e-05,3.0517578125e-05,8.582859593520495e-11,9.264372398298252e-06,True,2.8843071442202707e-05
klein_gordon_1d,7,1,3,0.001953125,000000000100111111111111,7.62939453125e-06,-1.9073486328125e-06,3.764685193404355e-13,6.135703051223929e-07,True,7.1089211964422554e-06
klein_gordon_1d,8,0,0,1.0,001111111111101110111000,0.9990234375,-1.0703125,1.8764919448917085e-07,0.0004331849425928975,True,1.069789741057845
klein_gordon_1d,8,0,1,0.125,111111111111000000000101,-0.0001220703125,0.0006103515625,4.052276314968334e-09,6.365749221395e-05,True,0.0005227589421550363
klein_gordon_1d,8,0,2,0.015625,000000000010111111111010,3.0517578125e-05,-9.1552734375e-05,7.512383612503904e-12,2.740872782995686e-06,True,8.75926203449779e-05
klein_gordon_1d,8,0,3,0.001953125,111111111111000000000010,-1.9073486328125e-06,3.814697265625e-06,2.099953365415466e-13,4.5825248119626417e-07,True,3.960114030042057e-06
klein_gordon_1d,8,1,0,1.0,000000000001001111111111,0.0009765625,0.9990234375,5.303223947289206e-09,7.282323768749371e-05,True,0.9989302102589421
klein_gordon_1d,8,1,1,0.125,000000000000111111111111,0.0,-0.0001220703125,3.286595138313289e-09,5.7328833393967495e-05,True,9.322724105779744e-05
klein_gordon_1d,8,1,2,0.015625,000000000001000000000010,1.52587890625e-05,3.0517578125e-05,8.582859593520495e-11,9.264372398298252e-06,True,2.8843071442202707e-05
klein_gordon_1d,8,1,3,0.001953125,000000000100111111111111,7.62939453125e-06,-1.9073486328125e-06,3.764685193404355e-13,6.135703051223929e-07,True,7.1089211964422554e-06
klein_gordon_1d,9,0,0,1.0,001111111111101110111000,0.9990234375,-1.0703125,1.8764919448917085e-07,0.0004331849425928975,True,1.069789741057845
klein_gordon_1d,9,0,1,0.125,111111111111000000000101,-0.0001220703125,0.0006103515625,4.052276314968334e-09,6.365749221395e-05,True,0.0005227589421550363
klein_gordon_1d,9,0,2,0.015625,000000000010111111111010,3.0517578125e-05,-9.1552734375e-05,7.512383612503904e-12,2.740872782995686e-06,True,8.75926203449779e-05
klein_gordon_1d,9,0,3,0.001953125,111111111111000000000010,-1.9073486328125e-06,3.814697265625e-06,2.099953365415466e-13,4.5825248119626417e-07,True,3.960114030042057e-06
klein_gordon_1d,9,1,0,1.0,000000000001001111111111,0.0009765625,0.9990234375,5.303223947289206e-09,7.282323768749371e-05,True,0.9989302102589421
klein_gordon_1d,9,1,1,0.125,000000000000111111111111,0.0,-0.0001220703125,3.286595138313289e-09,5.7328833393967495e-05,True,9.322724105779744e-05
klein_gordon_1d,9,1,2,0.015625,000000000001000000000010,1.52587890625e-05,3.0517578125e-05,8.582859593520495e-11,9.264372398298252e-06,True,2.8843071442202707e-05
klein_gordon_1d,9,1,3,0.001953125,000000000100111111111111,7.62939453125e-06,-1.9073486328125e-06,3.764685193404355e-13,6.135703051223929e-07,True,7.1089211964422554e-06
klein_gordon_1d,10,0,0,1.0,001111111111101110111000,0.9990234375,-1.0703125,1.8764919448917085e-07,0.0004331849425928975,True,1.069789741057845
klein_gordon_1d,10,0,1,0.125,111111111111000000000101,-0.0001220703125,0.0006103515625,4.052276314968334e-09,6.365749221395e-05,True,0.0005227589421550363
klein_gordon_1d,10,0,2,0.015625,000000000010111111111010,3.0517578125e-05,-9.1552734375e-05,7.512383612503904e-12,2.740872782995686e-06,True,8.75926203449779e-05
klein_gordon_1d,10,0,3,0.001953125,111111111111000000000010,-1.9073486328125e-06,3.814697265625e-06,2.099953365415466e-13,4.5825248119626417e-07,True,3.960114030042057e-06
klein_gordon_1d,10,1,0,1.0,000000000001001111111111,0.0009765625,0.9990234375,5.303223947289206e-09,7.282323768749371e-05,True,0.9989302102589421
klein_gordon_1d,10,1,1,0.125,000000000000111111111111,0.0,-0.0001220703125,3.286595138313289e-09,5.7328833393967495e-05,True,9.322724105779744e-05
klein_gordon_1d,10,1,2,0.015625,000000000001000000000010,1.52587890625e-05,3.0517578125e-05,8.582859593520495e-11,9.264372398298252e-06,True,2.8843071442202707e-05
klein_gordon_1d,10,1,3,0.001953125,000000000100111111111111,7.62939453125e-06,-1.9073486328125e-06,3.764685193404355e-13,6.135703051223929e-07,True,7.1089211964422554e-06
klein_gordon_1d,11,0,0,1.0,001111111111101110111000,0.9990234375,-1.0703125,1.8764919448917085e-07,0.0004331849425928975,True,1.069789741057845
klein_gordon_1d,11,0,1,0.125,111111111111000000000101,-0.0001220703125,0.0006103515625,4.052276314968334e-09,6.365749221395e-05,True,0.0005227589421550363
klein_gordon_1d,11,0,2,0.015625,000000000010111111111010,3.0517578125e-05,-9.1552734375e-05,7.512383612503904e-12,2.740872782995686e-06,True,8.75926203449779e-05
klein_gordon_1d,11,0,3,0.001953125,111111111111000000000010,-1.9073486328125e-06,3.814697265625e-06,2.099953365415466e-13,4.5825248119626417e-07,True,3.960114030042057e-06
klein_gordon_1d,11,1,0,1.0,000000000001001111111111,0.0009765625,0.9990234375,5.303223947289206e-09,7.282323768749371e-05,True,0.9989302102589421
klein_gordon_1d,11,1,1,0.125,000000000000111111111111,0.0,-0.0001220703125,3.286595138313289e-09,5.7328833393967495e-05,True,9.322724105779744e-05
klein_gordon_1d,11,1,2,0.015625,000000000001000000000010,1.52587890625e-05,3.0517578125e-05,8.582859593520495e-11,9.264372398298252e-06,True,2.8843071442202707e-05
klein_gordon_1d,11,1,3,0.001953125,000000000100111111111111,7.62939453125e-06,-1.9073486328125e-06,3.764685193404355e-13,6.135703051223929e-07,True,7.1089211964422554e-06
klein_gordon_1d,12,0,0,1.0,001111111111101110111000,0.9990234375,-1.0703125,1.8764919448917085e-07,0.0004331849425928975,True,1.069789741057845
klein_gordon_1d,12,0,1,0.125,111111111111000000000101,-0.0001220703125,0.0006103515625,4.052276314968334e-09,6.365749221395e-05,True,0.0005227589421550363
klein_gordon_1d,12,0,2,0.015625,000000000010111111111010,3.0517578125e-05,-9.1552734375e-05,7.512383612503904e-12,2.740872782995686e-06,True,8.75926203449779e-05
klein_gordon_1d,12,0,3,0.001953125,111111111111000000000010,-1.9073486328125e-06,3.814697265625e-06,2.099953365415466e-13,4.5825248119626417e-07,True,3.960114030042057e-06
klein_gordon_1d,12,1,0,1.0,000000000001001111111111,0.0009765625,0.9990234375,5.303223947289206e-09,7.282323768749371e-05,True,0.9989302102589421
klein_gordon_1d,12,1,1,0.125,000000000000111111111111,0.0,-0.0001220703125,3.286595138313289e-09,5.7328833393967495e-05,True,9.322724105779744e-05
klein_gordon_1d,12,1,2,0.015625,000000000001000000000010,1.52587890625e-05,3.0517578125e-05,8.582859593520495e-11,9.264372398298252e-06,True,2.8843071442202707e-05
klein_gordon_1d,12,1,3,0.001953125,000000000100111111111111,7.62939453125e-06,-1.9073486328125e-06,3.764685193404355e-13,6.135703051223929e-07,True,7.1089211964422554e-06
klein_gordon_1d,13,0,0,1.0,001111111111101110111000,0.9990234375,-1.0703125,1.8764919448917085e-07,0.0004331849425928975,True,1.069789741057845
klein_gordon_1d,13,0,1,0.125,111111111111000000000101,-0.0001220703125,0.0006103515625,4.052276314968334e-09,6.365749221395e-05,True,0.0005227589421550363
klein_gordon_1d,13,0,2,0.015625,000000000010111111111010,3.0517578125e-05,-9.1552734375e-05,7.512383612503904e-12,2.740872782995686e-06,True,8.75926203449779e-05
klein_gordon_1d,13,0,3,0.001953125,111111111111000000000010,-1.9073486328125e-06,3.814697265625e-06,2.099953365415466e-13,4.5825248119626417e-07,True,3.960114030042057e-06
klein_gordon_1d,13,1,0,1.0,000000000001001111111111,0.0009765625,0.9990234375,5.303223947289206e-09,7.282323768749371e-05,True,0.9989302102589421
klein_gordon_1d,13,1,1,0.125,000000000000111111111111,0.0,-0.0001220703125,3.286595138313289e-09,5.7328833393967495e-05,True,9.322724105779744e-05
klein_gordon_1d,13,1,2,0.015625,000000000001000000000010,1.52587890625e-05,3.0517578125e-05,8.582859593520495e-11,9.264372398298252e-06,True,2.8843071442202707e-05
klein_gordon_1d,13,1,3,0.001953125,000000000100111111111111,7.62939453125e-06,-1.9073486328125e-06,3.764685193404355e-13,6.135703051223929e-07,True,7.1089211964422554e-06
klein_gordon_1d,14,0,0,1.0,001111111111101110111000,0.9990234375,-1.0703125,1.8764919448917085e-07,0.0004331849425928975,True,1.069789741057845
klein_gordon_1d,14,0,1,0.125,111111111111000000000101,-0.0001220703125,0.0006103515625,4.052276314968334e-09,6.365749221395e-05,True,0.0005227589421550363
klein_gordon_1d,14,0,2,0.015625,000000000010111111111010,3.0517578125e-05,-9.1552734375e-05,7.512383612503904e-12,2.740872782995686e-06,True,8.75926203449779e-05
klein_gordon_1d,14,0,3,0.001953125,111111111111000000000010,-1.9073486328125e-06,3.814697265625e-06,2.099953365415466e-13,4.5825248119626417e-07,True,3.960114030042057e-06
klein_gordon_1d,14,1,0,1.0,000000000001001111111111,0.0009765625,0.9990234375,5.303223947289206e-09,7.282323768749371e-05,True,0.9989302102589421
klein_gordon_1d,14,1,1,0.125,000000000000111111111111,0.0,-0.0001220703125,3.286595138313289e-09,5.7328833393967495e-05,True,9.322724105779744e-05
klein_gordon_1d,14,1,2,0.015625,000000000001000000000010,1.52587890625e-05,3.0517578125e-05,8.582859593520495e-11,9.264372398298252e-06,True,2.8843071442202707e-05
klein_gordon_1d,14,1,3,0.001953125,000000000100111111111111,7.62939453125e-06,-1.9073486328125e-06,3.764685193404355e-13,6.135703051223929e-07,True,7.1089211964422554e-06
klein_gordon_1d,15,0,0,1.0,001111111111101110111000,0.9990234375,-1.0703125,1.8764919448917085e-07,0.0004331849425928975,True,1.069789741057845
klein_gordon_1d,15,0,1,0.125,111111111111000000000101,-0.0001220703125,0.0006103515625,4.052276314968334e-09,6.365749221395e-05,True,0.0005227589421550363
klein_gordon_1d,15,0,2,0.015625,000000000010111111111010,3.0517578125e-05,-9.1552734375e-05,7.512383612503904e-12,2.740872782995686e-06,True,8.75926203449779e-05
klein_gordon_1d,15,0,3,0.001953125,111111111111000000000010,-1.9073486328125e-06,3.814697265625e-06,2.099953365415466e-13,4.5825248119626417e-07,True,3.960114030042057e-06
klein_gordon_1d,15,1,0,1.0,000000000001001111111111,0.0009765625,0.9990234375,5.303223947289206e-09,7.282323768749371e-05,True,0.9989302102589421
klein_gordon_1d,15,1,1,0.125,000000000000111111111111,0.0,-0.0001220703125,3.286595138313289e-09,5.7328833393967495e-05,True,9.322724105779744e-05
klein_gordon_1d,15,1,2,0.015625,000000000001000000000010,1.52587890625e-05,3.0517578125e-05,8.582859593520495e-11,9.264372398298252e-06,True,2.8843071442202707e-05
klein_gordon_1d,15,1,3,0.001953125,000000000100111111111111,7.62939453125e-06,-1.9073486328125e-06,3.764685193404355e-13,6.135703051223929e-07,True,7.1089211964422554e-06
klein_gordon_1d,16,0,0,1.0,001111111111101110111000,0.9990234375,-1.0703125,1.8764919448917085e-07,0.0004331849425928975,True,1.069789741057845
klein_gordon_1d,16,0,1,0.125,111111111111000000000101,-0.0001220703125,0.0006103515625,4.052276314968334e-09,6.365749221395e-05,True,0.0005227589421550363
klein_gordon_1d,16,0,2,0.015625,000000000010111111111010,3.0517578125e-05,-9.1552734375e-05,7.512383612503904e-12,2.740872782995686e-06,True,8.75926203449779e-05
klein_gordon_1d,16,0,3,0.001953125,111111111111000000000010,-1.9073486328125e-06,3.814697265625e-06,2.099953365415466e-13,4.5825248119626417e-07,True,3.960114030042057e-06
klein_gordon_1d,16,1,0,1.0,000000000001001111111111,0.0009765625,0.9990234375,5.303223947289206e-09,7.282323768749371e-05,True,0.9989302102589421
klein_gordon_1d,16,1,1,0.125,000000000000111111111111,0.0,-0.0001220703125,3.286595138313289e-09,5.7328833393967495e-05,True,9.322724105779744e-05
klein_gordon_1d,16,1,2,0.015625,000000000001000000000010,1.52587890625e-05,3.0517578125e-05,8.582859593520495e-11,9.264372398298252e-06,True,2.8843071442202707e-05
klein_gordon_1d,16,1,3,0.001953125,000000000100111111111111,7.62939453125e-06,-1.9073486328125e-06,3.764685193404355e-13,6.135703051223929e-07,True,7.1089211964422554e-06
klein_gordon_1d,17,0,0,1.0,001111111111101110111000,0.9990234375,-1.0703125,1.8764919448917085e-07,0.0004331849425928975,True,1.069789741057845
klein_gordon_1d,17,0,1,0.125,111111111111000000000101,-0.0001220703125,0.0006103515625,4.052276314968334e-09,6.365749221395e-05,True,0.0005227589421550363
klein_gordon_1d,17,0,2,0.015625,000000000010111111111010,3.0517578125e-05,-9.1552734375e-05,7.512383612503904e-12,2.740872782995686e-06,True,8.75926203449779e-05
klein_gordon_1d,17,0,3,0.001953125,111111111111000000000010,-1.9073486328125e-06,3.814697265625e-06,2.099953365415466e-13,4.5825248119626417e-07,True,3.960114030042057e-06
klein_gordon_1d,17,1,0,1.0,000000000001001111111111,0.0009765625,0.9990234375,5.303223947289206e-09,7.282323768749371e-05,True,0.9989302102589421
klein_gordon_1d,17,1,1,0.125,000000000000111111111111,0.0,-0.0001220703125,3.286595138313289e-09,5.7328833393967495e-05,True,9.322724105779744e-05
klein_gordon_1d,17,1,2,0.015625,000000000001000000000010,1.52587890625e-05,3.0517578125e-05,8.582859593520495e-11,9.264372398298252e-06,True,2.8843071442202707e-05
klein_gordon_1d,17,1,3,0.001953125,000000000100111111111111,7.62939453125e-06,-1.9073486328125e-06,3.764685193404355e-13,6.135703051223929e-07,True,7.1089211964422554e-06
klein_gordon_1d,18,0,0,1.0,001111111111101110111000,0.9990234375,-1.0703125,1.8764919448917085e-07,0.0004331849425928975,True,1.069789741057845
klein_gordon_1d,18,0,1,0.125,111111111111000000000101,-0.0001220703125,0.0006103515625,4.052276314968334e-09,6.365749221395e-05,True,0.0005227589421550363
klein_gordon_1d,18,0,2,0.015625,000000000010111111111010,3.0517578125e-05,-9.1552734375e-05,7.512383612503904e-12,2.740872782995686e-06,True,8.75926203449779e-05
klein_gordon_1d,18,0,3,0.001953125,111111111111000000000010,-1.9073486328125e-06,3.814697265625e-06,2.099953365415466e-13,4.5825248119626417e-07,True,3.960114030042057e-06
klein_gordon_1d,18,1,0,1.0,000000000001001111111111,0.0009765625,0.9990234375,5.303223947289206e-09,7.282323768749371e-05,True,0.9989302102589421
klein_gordon_1d,18,1,1,0.125,000000000000111111111111,0.0,-0.0001220703125,3.286595138313289e-09,5.7328833393967495e-05,True,9.322724105779744e-05
klein_gordon_1d,18,1,2,0.015625,000000000001000000000010,1.52587890625e-05,3.0517578125e-05,8.582859593520495e-11,9.264372398298252e-06,True,2.8843071442202707e-05
klein_gordon_1d,18,1,3,0.001953125,000000000100111111111111,7.62939453125e-06,-1.9073486328125e-06,3.764685193404355e-13,6.135703051223929e-07,True,7.1089211964422554e-06
klein_gordon_1d,19,0,0,1.0,001111111111101110111000,0.9990234375,-1.0703125,1.8764919448917085e-07,0.0004331849425928975,True,1.069789741057845
klein_gordon_1d,19,0,1,0.125,111111111111000000000101,-0.0001220703125,0.0006103515625,4.052276314968334e-09,6.365749221395e-05,True,0.0005227589421550363
klein_gordon_1d,19,0,2,0.015625,000000000010111111111010,3.0517578125e-05,-9.1552734375e-05,7.512383612503904e-12,2.740872782995686e-06,True,8.75926203449779e-05
klein_gordon_1d,19,0,3,0.001953125,111111111111000000000010,-1.9073486328125e-06,3.814697265625e-06,2.099953365415466e-13,4.5825248119626417e-07,True,3.960114030042057e-06
klein_gordon_1d,19,1,0,1.0,000000000001001111111111,0.0009765625,0.9990234375,5.303223947289206e-09,7.282323768749371e-05,True,0.9989302102589421
klein_gordon_1d,19,1,1,0.125,000000000000111111111111,0.0,-0.0001220703125,3.286595138313289e-09,5.7328833393967495e-05,True,9.322724105779744e-05
klein_gordon_1d,19,1,2,0.015625,000000000001000000000010,1.52587890625e-05,3.0517578125e-05,8.582859593520495e-11,9.264372398298252e-06,True,2.8843071442202707e-05
klein_gordon_1d,19,1,3,0.001953125,000000000100111111111111,7.62939453125e-06,-1.9073486328125e-06,3.764685193404355e-13,6.135703051223929e-07,True,7.1089211964422554e-06
klein_gordon_1d,20,0,0,1.0,001111111111101110111000,0.9990234375,-1.0703125,1.8764919448917085e-07,0.0004331849425928975,True,1.069789741057845
klein_gordon_1d,20,0,1,0.125,111111111111000000000101,-0.0001220703125,0.0006103515625,4.052276314968334e-09,6.365749221395e-05,True,0.0005227589421550363
klein_gordon_1d,20,0,2,0.015625,000000000010111111111010,3.0517578125e-05,-9.1552734375e-05,7.512383612503904e-12,2.740872782995686e-06,True,8.75926203449779e-05
klein_gordon_1d,20,0,3,0.001953125,111111111111000000000010,-1.9073486328125e-06,3.814697265625e-06,2.099953365415466e-13,4.5825248119626417e-07,True,3.960114030042057e-06
klein_gordon_1d,20,1,0,1.0,000000000001001111111111,0.0009765625,0.9990234375,5.303223947289206e-09,7.282323768749371e-05,True,0.9989302102589421
klein_gordon_1d,20,1,1,0.125,000000000000111111111111,0.0,-0.0001220703125,3.286595138313289e-09,5.7328833393967495e-05,True,9.322724105779744e-05
klein_gordon_1d,20,1,2,0.015625,000000000001000000000010,1.52587890625e-05,3.0517578125e-05,8.582859593520495e-11,9.264372398298252e-06,True,2.8843071442202707e-05
klein_gordon_1d,20,1,3,0.001953125,000000000100111111111111,7.62939453125e-06,-1.9073486328125e-06,3.764685193404355e-13,6.135703051223929e-07,True,7.1089211964422554e-06
