pde,stage,gamma,max_block_inverse_residual,nonzero_updates,clipped_audit_corrections
heat_1d,0,0.6,0.0003721501759684557,20,0
heat_1d,1,0.075,4.655257159399177e-05,20,0
heat_1d,2,0.009375,6.607712782250368e-06,20,0
heat_1d,3,0.001171875,8.341045249140769e-07,20,0
burgers_1d,0,0.6,0.00029430744276646217,20,0
burgers_1d,1,0.075,2.8006682547947235e-05,20,0
burgers_1d,2,0.009375,4.424316765958112e-06,20,0
burgers_1d,3,0.001171875,7.141050527137744e-07,20,0
poisson_2d,0,0.01,0.0017595477546179584,20,0
poisson_2d,1,0.00125,0.00022631454053049745,20,0
poisson_2d,2,0.00015625,3.3908860945442584e-05,20,0
poisson_2d,3,1.953125e-05,3.4461308764777923e-06,20,0
helmholtz_2d,0,0.01,0.0020684691085740285,20,0
helmholtz_2d,1,0.00125,0.00016523664177222434,20,0
helmholtz_2d,2,0.00015625,3.357072307149423e-05,20,0
helmholtz_2d,3,1.953125e-05,3.826884827787936e-06,20,0
klein_gordon_1d,0,1.0,0.00043926349545176307,40,0
klein_gordon_1d,1,0.125,8.566721340911229e-05,40,0
klein_gordon_1d,2,0.015625,1.1913687672903661e-05,40,0
klein_gordon_1d,3,0.001953125,8.610285564617621e-07,40,0
