pde,block,column,stage,gamma,bitstring,delta0,delta1,energy,post_column_residual
heat_1d,1,0,0,0.6,011000111100000000110101,0.9351562499999999,0.031054687499999997,6.635876684569478e-08,0.00025760195427381236
heat_1d,1,0,1,0.6,000000000000000000000000,0.0,0.0,6.635876684568731e-08,0.00025760195427381236
heat_1d,1,0,2,0.6,000000000000000000000000,0.0,0.0,6.635876684568731e-08,0.00025760195427381236
heat_1d,1,0,3,0.6,000000000000000000000000,0.0,0.0,6.635876684568731e-08,0.00025760195427381236
heat_1d,1,1,0,0.6,000000110101011000111100,0.031054687499999997,0.9351562499999999,6.635876684568717e-08,0.00025760195427380927
heat_1d,1,1,1,0.6,000000000000000000000000,0.0,0.0,6.635876684568572e-08,0.00025760195427380927
heat_1d,1,1,2,0.6,000000000000000000000000,0.0,0.0,6.635876684568572e-08,0.00025760195427380927
heat_1d,1,1,3,0.6,000000000000000000000000,0.0,0.0,6.635876684568572e-08,0.00025760195427380927
heat_1d,2,0,0,0.6,011000111110000000110101,0.936328125,0.031054687499999997,8.913805760963408e-08,0.0002985599732209444
heat_1d,2,0,1,0.6,000000000000000000000000,0.0,0.0,8.913805760969104e-08,0.0002985599732209444
heat_1d,2,0,2,0.6,000000000000000000000000,0.0,0.0,8.913805760969104e-08,0.0002985599732209444
heat_1d,2,0,3,0.6,000000000000000000000000,0.0,0.0,8.913805760969104e-08,0.0002985599732209444
heat_1d,2,1,0,0.6,000000110101011000111100,0.031054687499999997,0.9351562499999999,4.933220206703832e-08,0.0002221085366820398
heat_1d,2,1,1,0.6,000000000000000000000000,0.0,0.0,4.933220206703701e-08,0.0002221085366820398
heat_1d,2,1,2,0.6,000000000000000000000000,0.0,0.0,4.933220206703701e-08,0.0002221085366820398
heat_1d,2,1,3,0.6,000000000000000000000000,0.0,0.0,4.933220206703701e-08,0.0002221085366820398
heat_1d,3,0,0,0.6,011000111110000000110101,0.936328125,0.031054687499999997,8.913805760963408e-08,0.0002985599732209444
heat_1d,3,0,1,0.6,000000000000000000000000,0.0,0.0,8.913805760969104e-08,0.0002985599732209444
heat_1d,3,0,2,0.6,000000000000000000000000,0.0,0.0,8.913805760969104e-08,0.0002985599732209444
heat_1d,3,0,3,0.6,000000000000000000000000,0.0,0.0,8.913805760969104e-08,0.0002985599732209444
heat_1d,3,1,0,0.6,000000110101011000111100,0.031054687499999997,0.9351562499999999,4.933220206703832e-08,0.0002221085366820398
heat_1d,3,1,1,0.6,000000000000000000000000,0.0,0.0,4.933220206703701e-08,0.0002221085366820398
heat_1d,3,1,2,0.6,000000000000000000000000,0.0,0.0,4.933220206703701e-08,0.0002221085366820398
heat_1d,3,1,3,0.6,000000000000000000000000,0.0,0.0,4.933220206703701e-08,0.0002221085366820398
heat_1d,4,0,0,0.6,011000111110000000110101,0.936328125,0.031054687499999997,8.913805760963408e-08,0.0002985599732209444
heat_1d,4,0,1,0.6,000000000000000000000000,0.0,0.0,8.913805760969104e-08,0.0002985599732209444
heat_1d,4,0,2,0.6,000000000000000000000000,0.0,0.0,8.913805760969104e-08,0.0002985599732209444
heat_1d,4,0,3,0.6,000000000000000000000000,0.0,0.0,8.913805760969104e-08,0.0002985599732209444
heat_1d,4,1,0,0.6,000000110101011000111100,0.031054687499999997,0.9351562499999999,4.933220206703832e-08,0.0002221085366820398
heat_1d,4,1,1,0.6,000000000000000000000000,0.0,0.0,4.933220206703701e-08,0.0002221085366820398
heat_1d,4,1,2,0.6,000000000000000000000000,0.0,0.0,4.933220206703701e-08,0.0002221085366820398
heat_1d,4,1,3,0.6,000000000000000000000000,0.0,0.0,4.933220206703701e-08,0.0002221085366820398
heat_1d,5,0,0,0.6,011000111110000000110101,0.936328125,0.031054687499999997,8.913805760963408e-08,0.0002985599732209444
heat_1d,5,0,1,0.6,000000000000000000000000,0.0,0.0,8.913805760969104e-08,0.0002985599732209444
heat_1d,5,0,2,0.6,000000000000000000000000,0.0,0.0,8.913805760969104e-08,0.0002985599732209444
heat_1d,5,0,3,0.6,000000000000000000000000,0.0,0.0,8.913805760969104e-08,0.0002985599732209444
heat_1d,5,1,0,0.6,000000110101011000111100,0.031054687499999997,0.9351562499999999,4.933220206703832e-08,0.0002221085366820398
heat_1d,5,1,1,0.6,000000000000000000000000,0.0,0.0,4.933220206703701e-08,0.0002221085366820398
heat_1d,5,1,2,0.6,000000000000000000000000,0.0,0.0,4.933220206703701e-08,0.0002221085366820398
heat_1d,5,1,3,0.6,000000000000000000000000,0.0,0.0,4.933220206703701e-08,0.0002221085366820398
heat_1d,6,0,0,0.6,011000111110000000110101,0.936328125,0.031054687499999997,8.913805760963408e-08,0.0002985599732209444
heat_1d,6,0,1,0.6,000000000000000000000000,0.0,0.0,8.913805760969104e-08,0.0002985599732209444
heat_1d,6,0,2,0.6,000000000000000000000000,0.0,0.0,8.913805760969104e-08,0.0002985599732209444
heat_1d,6,0,3,0.6,000000000000000000000000,0.0,0.0,8.913805760969104e-08,0.0002985599732209444
heat_1d,6,1,0,0.6,000000110101011000111100,0.031054687499999997,0.9351562499999999,4.933220206703832e-08,0.0002221085366820398
heat_1d,6,1,1,0.6,000000000000000000000000,0.0,0.0,4.933220206703701e-08,0.0002221085366820398
heat_1d,6,1,2,0.6,000000000000000000000000,0.0,0.0,4.933220206703701e-08,0.0002221085366820398
heat_1d,6,1,3,0.6,000000000000000000000000,0.0,0.0,4.933220206703701e-08,0.0002221085366820398
heat_1d,7,0,0,0.6,011000111110000000110101,0.936328125,0.031054687499999997,8.913805760963408e-08,0.0002985599732209444
heat_1d,7,0,1,0.6,000000000000000000000000,0.0,0.0,8.913805760969104e-08,0.0002985599732209444
heat_1d,7,0,2,0.6,000000000000000000000000,0.0,0.0,8.913805760969104e-08,0.0002985599732209444
heat_1d,7,0,3,0.6,000000000000000000000000,0.0,0.0,8.913805760969104e-08,0.0002985599732209444
heat_1d,7,1,0,0.6,000000110101011000111100,0.031054687499999997,0.9351562499999999,4.933220206703832e-08,0.0002221085366820398
heat_1d,7,1,1,0.6,000000000000000000000000,0.0,0.0,4.933220206703701e-08,0.0002221085366820398
heat_1d,7,1,2,0.6,000000000000000000000000,0.0,0.0,4.933220206703701e-08,0.0002221085366820398
heat_1d,7,1,3,0.6,000000000000000000000000,0.0,0.0,4.933220206703701e-08,0.0002221085366820398
heat_1d,8,0,0,0.6,011000111110000000110101,0.936328125,0.031054687499999997,8.913805760963408e-08,0.0002985599732209444
heat_1d,8,0,1,0.6,000000000000000000000000,0.0,0.0,8.913805760969104e-08,0.0002985599732209444
heat_1d,8,0,2,0.6,000000000000000000000000,0.0,0.0,8.913805760969104e-08,0.0002985599732209444
heat_1d,8,0,3,0.6,000000000000000000000000,0.0,0.0,8.913805760969104e-08,0.0002985599732209444
heat_1d,8,1,0,0.6,000000110101011000111100,0.031054687499999997,0.9351562499999999,4.933220206703832e-08,0.0002221085366820398
heat_1d,8,1,1,0.6,000000000000000000000000,0.0,0.0,4.933220206703701e-08,0.0002221085366820398
heat_1d,8,1,2,0.6,000000000000000000000000,0.0,0.0,4.933220206703701e-08,0.0002221085366820398
heat_1d,8,1,3,0.6,000000000000000000000000,0.0,0.0,4.933220206703701e-08,0.0002221085366820398
heat_1d,9,0,0,0.6,011000111110000000110101,0.936328125,0.031054687499999997,8.913805760963408e-08,0.0002985599732209444
heat_1d,9,0,1,0.6,000000000000000000000000,0.0,0.0,8.913805760969104e-08,0.0002985599732209444
heat_1d,9,0,2,0.6,000000000000000000000000,0.0,0.0,8.913805760969104e-08,0.0002985599732209444
heat_1d,9,0,3,0.6,000000000000000000000000,0.0,0.0,8.913805760969104e-08,0.0002985599732209444
heat_1d,9,1,0,0.6,000000110101011000111100,0.031054687499999997,0.9351562499999999,4.933220206703832e-08,0.0002221085366820398
heat_1d,9,1,1,0.6,000000000000000000000000,0.0,0.0,4.933220206703701e-08,0.0002221085366820398
heat_1d,9,1,2,0.6,000000000000000000000000,0.0,0.0,4.933220206703701e-08,0.0002221085366820398
heat_1d,9,1,3,0.6,000000000000000000000000,0.0,0.0,4.933220206703701e-08,0.0002221085366820398
heat_1d,10,0,0,0.6,011000111110000000110101,0.936328125,0.031054687499999997,8.913805760963408e-08,0.0002985599732209444
heat_1d,10,0,1,0.6,000000000000000000000000,0.0,0.0,8.913805760969104e-08,0.0002985599732209444
heat_1d,10,0,2,0.6,000000000000000000000000,0.0,0.0,8.913805760969104e-08,0.0002985599732209444
heat_1d,10,0,3,0.6,000000000000000000000000,0.0,0.0,8.913805760969104e-08,0.0002985599732209444
heat_1d,10,1,0,0.6,000000110101011000111100,0.031054687499999997,0.9351562499999999,4.933220206703832e-08,0.0002221085366820398
heat_1d,10,1,1,0.6,000000000000000000000000,0.0,0.0,4.933220206703701e-08,0.0002221085366820398
heat_1d,10,1,2,0.6,000000000000000000000000,0.0,0.0,4.933220206703701e-08,0.0002221085366820398
heat_1d,10,1,3,0.6,000000000000000000000000,0.0,0.0,4.933220206703701e-08,0.0002221085366820398
burgers_1d,1,0,0,0.6,011001110001000000011100,0.9662109375,0.016406249999999997,3.5583875122062425e-09,5.965222135181101e-05
burgers_1d,1,0,1,0.6,000000000000000000000000,0.0,0.0,3.558387512205457e-09,5.965222135181101e-05
burgers_1d,1,0,2,0.6,000000000000000000000000,0.0,0.0,3.558387512205457e-09,5.965222135181101e-05
burgers_1d,1,0,3,0.6,000000000000000000000000,0.0,0.0,3.558387512205457e-09,5.965222135181101e-05
burgers_1d,1,1,0,0.6,000000011100011001110001,0.016406249999999997,0.9662109375,3.5583875122049533e-09,5.965222135181185e-05
burgers_1d,1,1,1,0.6,000000000000000000000000,0.0,0.0,3.5583875122055576e-09,5.965222135181185e-05
burgers_1d,1,1,2,0.6,000000000000000000000000,0.0,0.0,3.5583875122055576e-09,5.965222135181185e-05
burgers_1d,1,1,3,0.6,000000000000000000000000,0.0,0.0,3.5583875122055576e-09,5.965222135181185e-05
burgers_1d,2,0,0,0.6,011001110001000000011100,0.9662109375,0.016406249999999997,8.245446327515903e-08,0.00028714885212226683
burgers_1d,2,0,1,0.6,000000000000000000000000,0.0,0.0,8.245446327513546e-08,0.00028714885212226683
burgers_1d,2,0,2,0.6,000000000000000000000000,0.0,0.0,8.245446327513546e-08,0.00028714885212226683
burgers_1d,2,0,3,0.6,000000000000000000000000,0.0,0.0,8.245446327513546e-08,0.00028714885212226683
burgers_1d,2,1,0,0.6,000000011100011001110001,0.016406249999999997,0.9662109375,4.163766599820475e-09,6.452725470544327e-05
burgers_1d,2,1,1,0.6,000000000000000000000000,0.0,0.0,4.163766599821151e-09,6.452725470544327e-05
burgers_1d,2,1,2,0.6,000000000000000000000000,0.0,0.0,4.163766599821151e-09,6.452725470544327e-05
burgers_1d,2,1,3,0.6,000000000000000000000000,0.0,0.0,4.163766599821151e-09,6.452725470544327e-05
burgers_1d,3,0,0,0.6,011001110001000000011100,0.9662109375,0.016406249999999997,8.245446327515903e-08,0.00028714885212226683
burgers_1d,3,0,1,0.6,000000000000000000000000,0.0,0.0,8.245446327513546e-08,0.00028714885212226683
burgers_1d,3,0,2,0.6,000000000000000000000000,0.0,0.0,8.245446327513546e-08,0.00028714885212226683
burgers_1d,3,0,3,0.6,000000000000000000000000,0.0,0.0,8.245446327513546e-08,0.00028714885212226683
burgers_1d,3,1,0,0.6,000000011100011001110001,0.016406249999999997,0.9662109375,4.163766599820475e-09,6.452725470544327e-05
burgers_1d,3,1,1,0.6,000000000000000000000000,0.0,0.0,4.163766599821151e-09,6.452725470544327e-05
burgers_1d,3,1,2,0.6,000000000000000000000000,0.0,0.0,4.163766599821151e-09,6.452725470544327e-05
burgers_1d,3,1,3,0.6,000000000000000000000000,0.0,0.0,4.163766599821151e-09,6.452725470544327e-05
burgers_1d,4,0,0,0.6,011001110001000000011100,0.9662109375,0.016406249999999997,8.245446327515903e-08,0.00028714885212226683
burgers_1d,4,0,1,0.6,000000000000000000000000,0.0,0.0,8.245446327513546e-08,0.00028714885212226683
burgers_1d,4,0,2,0.6,000000000000000000000000,0.0,0.0,8.245446327513546e-08,0.00028714885212226683
burgers_1d,4,0,3,0.6,000000000000000000000000,0.0,0.0,8.245446327513546e-08,0.00028714885212226683
burgers_1d,4,1,0,0.6,000000011100011001110001,0.016406249999999997,0.9662109375,4.163766599820475e-09,6.452725470544327e-05
burgers_1d,4,1,1,0.6,000000000000000000000000,0.0,0.0,4.163766599821151e-09,6.452725470544327e-05
burgers_1d,4,1,2,0.6,000000000000000000000000,0.0,0.0,4.163766599821151e-09,6.452725470544327e-05
burgers_1d,4,1,3,0.6,000000000000000000000000,0.0,0.0,4.163766599821151e-09,6.452725470544327e-05
burgers_1d,5,0,0,0.6,011001110001000000011100,0.9662109375,0.016406249999999997,8.245446327515903e-08,0.00028714885212226683
burgers_1d,5,0,1,0.6,000000000000000000000000,0.0,0.0,8.245446327513546e-08,0.00028714885212226683
burgers_1d,5,0,2,0.6,000000000000000000000000,0.0,0.0,8.245446327513546e-08,0.00028714885212226683
burgers_1d,5,0,3,0.6,000000000000000000000000,0.0,0.0,8.245446327513546e-08,0.00028714885212226683
burgers_1d,5,1,0,0.6,000000011100011001110001,0.016406249999999997,0.9662109375,4.163766599820475e-09,6.452725470544327e-05
burgers_1d,5,1,1,0.6,000000000000000000000000,0.0,0.0,4.163766599821151e-09,6.452725470544327e-05
burgers_1d,5,1,2,0.6,000000000000000000000000,0.0,0.0,4.163766599821151e-09,6.452725470544327e-05
burgers_1d,5,1,3,0.6,000000000000000000000000,0.0,0.0,4.163766599821151e-09,6.452725470544327e-05
burgers_1d,6,0,0,0.6,011001110001000000011100,0.9662109375,0.016406249999999997,8.245446327515903e-08,0.00028714885212226683
burgers_1d,6,0,1,0.6,000000000000000000000000,0.0,0.0,8.245446327513546e-08,0.00028714885212226683
burgers_1d,6,0,2,0.6,000000000000000000000000,0.0,0.0,8.245446327513546e-08,0.00028714885212226683
burgers_1d,6,0,3,0.6,000000000000000000000000,0.0,0.0,8.245446327513546e-08,0.00028714885212226683
burgers_1d,6,1,0,0.6,000000011100011001110001,0.016406249999999997,0.9662109375,4.163766599820475e-09,6.452725470544327e-05
burgers_1d,6,1,1,0.6,000000000000000000000000,0.0,0.0,4.163766599821151e-09,6.452725470544327e-05
burgers_1d,6,1,2,0.6,000000000000000000000000,0.0,0.0,4.163766599821151e-09,6.452725470544327e-05
burgers_1d,6,1,3,0.6,000000000000000000000000,0.0,0.0,4.163766599821151e-09,6.452725470544327e-05
burgers_1d,7,0,0,0.6,011001110001000000011100,0.9662109375,0.016406249999999997,8.245446327515903e-08,0.00028714885212226683
burgers_1d,7,0,1,0.6,000000000000000000000000,0.0,0.0,8.245446327513546e-08,0.00028714885212226683
burgers_1d,7,0,2,0.6,000000000000000000000000,0.0,0.0,8.245446327513546e-08,0.00028714885212226683
burgers_1d,7,0,3,0.6,000000000000000000000000,0.0,0.0,8.245446327513546e-08,0.00028714885212226683
burgers_1d,7,1,0,0.6,000000011100011001110001,0.016406249999999997,0.9662109375,4.163766599820475e-09,6.452725470544327e-05
burgers_1d,7,1,1,0.6,000000000000000000000000,0.0,0.0,4.163766599821151e-09,6.452725470544327e-05
burgers_1d,7,1,2,0.6,000000000000000000000000,0.0,0.0,4.163766599821151e-09,6.452725470544327e-05
burgers_1d,7,1,3,0.6,000000000000000000000000,0.0,0.0,4.163766599821151e-09,6.452725470544327e-05
burgers_1d,8,0,0,0.6,011001110001000000011100,0.9662109375,0.016406249999999997,8.245446327515903e-08,0.00028714885212226683
burgers_1d,8,0,1,0.6,000000000000000000000000,0.0,0.0,8.245446327513546e-08,0.00028714885212226683
burgers_1d,8,0,2,0.6,000000000000000000000000,0.0,0.0,8.245446327513546e-08,0.00028714885212226683
burgers_1d,8,0,3,0.6,000000000000000000000000,0.0,0.0,8.245446327513546e-08,0.00028714885212226683
burgers_1d,8,1,0,0.6,000000011100011001110001,0.016406249999999997,0.9662109375,4.163766599820475e-09,6.452725470544327e-05
burgers_1d,8,1,1,0.6,000000000000000000000000,0.0,0.0,4.163766599821151e-09,6.452725470544327e-05
burgers_1d,8,1,2,0.6,000000000000000000000000,0.0,0.0,4.163766599821151e-09,6.452725470544327e-05
burgers_1d,8,1,3,0.6,000000000000000000000000,0.0,0.0,4.163766599821151e-09,6.452725470544327e-05
burgers_1d,9,0,0,0.6,011001110001000000011100,0.9662109375,0.016406249999999997,8.245446327515903e-08,0.00028714885212226683
burgers_1d,9,0,1,0.6,000000000000000000000000,0.0,0.0,8.245446327513546e-08,0.00028714885212226683
burgers_1d,9,0,2,0.6,000000000000000000000000,0.0,0.0,8.245446327513546e-08,0.00028714885212226683
burgers_1d,9,0,3,0.6,000000000000000000000000,0.0,0.0,8.245446327513546e-08,0.00028714885212226683
burgers_1d,9,1,0,0.6,000000011100011001110001,0.016406249999999997,0.9662109375,4.163766599820475e-09,6.452725470544327e-05
burgers_1d,9,1,1,0.6,000000000000000000000000,0.0,0.0,4.163766599821151e-09,6.452725470544327e-05
burgers_1d,9,1,2,0.6,000000000000000000000000,0.0,0.0,4.163766599821151e-09,6.452725470544327e-05
burgers_1d,9,1,3,0.6,000000000000000000000000,0.0,0.0,4.163766599821151e-09,6.452725470544327e-05
burgers_1d,10,0,0,0.6,011001110001000000011100,0.9662109375,0.016406249999999997,8.245446327515903e-08,0.00028714885212226683
burgers_1d,10,0,1,0.6,000000000000000000000000,0.0,0.0,8.245446327513546e-08,0.00028714885212226683
burgers_1d,10,0,2,0.6,000000000000000000000000,0.0,0.0,8.245446327513546e-08,0.00028714885212226683
burgers_1d,10,0,3,0.6,000000000000000000000000,0.0,0.0,8.245446327513546e-08,0.00028714885212226683
burgers_1d,10,1,0,0.6,000000011100011001110001,0.016406249999999997,0.9662109375,4.163766599820475e-09,6.452725470544327e-05
burgers_1d,10,1,1,0.6,000000000000000000000000,0.0,0.0,4.163766599821151e-09,6.452725470544327e-05
burgers_1d,10,1,2,0.6,000000000000000000000000,0.0,0.0,4.163766599821151e-09,6.452725470544327e-05
burgers_1d,10,1,3,0.6,000000000000000000000000,0.0,0.0,4.163766599821151e-09,6.452725470544327e-05
poisson_2d,1,0,0,0.01,000110001010000000001110,0.00384765625,0.00013671874999999999,1.5480041503904848e-06,0.0012441881491119604
poisson_2d,1,0,1,0.01,000000000000000000000000,0.0,0.0,1.5480041503906457e-06,0.0012441881491119604
poisson_2d,1,0,2,0.01,000000000000000000000000,0.0,0.0,1.5480041503906457e-06,0.0012441881491119604
poisson_2d,1,0,3,0.01,000000000000000000000000,0.0,0.0,1.5480041503906457e-06,0.0012441881491119604
poisson_2d,1,1,0,0.01,000000001110000110001010,0.00013671874999999999,0.00384765625,1.5480041503904695e-06,0.0012441881491118828
poisson_2d,1,1,1,0.01,000000000000000000000000,0.0,0.0,1.5480041503904528e-06,0.0012441881491118828
poisson_2d,1,1,2,0.01,000000000000000000000000,0.0,0.0,1.5480041503904528e-06,0.0012441881491118828
poisson_2d,1,1,3,0.01,000000000000000000000000,0.0,0.0,1.5480041503904528e-06,0.0012441881491118828
poisson_2d,2,0,0,0.01,000111111000000000011011,0.004921875,0.000263671875,4.309459822099712e-07,0.0006564647608287625
poisson_2d,2,0,1,0.01,000000000000000000000000,0.0,0.0,4.3094598220996423e-07,0.0006564647608287625
poisson_2d,2,0,2,0.01,000000000000000000000000,0.0,0.0,4.3094598220996423e-07,0.0006564647608287625
poisson_2d,2,0,3,0.01,000000000000000000000000,0.0,0.0,4.3094598220996423e-07,0.0006564647608287625
poisson_2d,2,1,0,0.01,000000011011000111111000,0.000263671875,0.004921875,4.3094598221006906e-07,0.0006564647608287602
poisson_2d,2,1,1,0.01,000000000000000000000000,0.0,0.0,4.309459822099614e-07,0.0006564647608287602
poisson_2d,2,1,2,0.01,000000000000000000000000,0.0,0.0,4.309459822099614e-07,0.0006564647608287602
poisson_2d,2,1,3,0.01,000000000000000000000000,0.0,0.0,4.309459822099614e-07,0.0006564647608287602
poisson_2d,3,0,0,0.01,001000100011000000100101,0.005341796875,0.000361328125,1.1367137315437661e-06,0.0010661677783275125
poisson_2d,3,0,1,0.01,000000000000000000000000,0.0,0.0,1.1367137315438235e-06,0.0010661677783275125
poisson_2d,3,0,2,0.01,000000000000000000000000,0.0,0.0,1.1367137315438235e-06,0.0010661677783275125
poisson_2d,3,0,3,0.01,000000000000000000000000,0.0,0.0,1.1367137315438235e-06,0.0010661677783275125
poisson_2d,3,1,0,0.01,000000100101001000100011,0.000361328125,0.005341796875,1.136713731543816e-06,0.0010661677783275138
poisson_2d,3,1,1,0.01,000000000000000000000000,0.0,0.0,1.1367137315438267e-06,0.0010661677783275138
poisson_2d,3,1,2,0.01,000000000000000000000000,0.0,0.0,1.1367137315438267e-06,0.0010661677783275138
poisson_2d,3,1,3,0.01,000000000000000000000000,0.0,0.0,1.1367137315438267e-06,0.0010661677783275138
poisson_2d,4,0,0,0.01,001000110111000000101101,0.005537109375,0.000439453125,6.80252560315968e-07,0.0008247742480922104
poisson_2d,4,0,1,0.01,000000000000000000000000,0.0,0.0,6.80252560316071e-07,0.0008247742480922104
poisson_2d,4,0,2,0.01,000000000000000000000000,0.0,0.0,6.80252560316071e-07,0.0008247742480922104
poisson_2d,4,0,3,0.01,000000000000000000000000,0.0,0.0,6.80252560316071e-07,0.0008247742480922104
poisson_2d,4,1,0,0.01,000000101101001000110111,0.000439453125,0.005537109375,6.802525603159318e-07,0.0008247742480921253
poisson_2d,4,1,1,0.01,000000000000000000000000,0.0,0.0,6.802525603159306e-07,0.0008247742480921253
poisson_2d,4,1,2,0.01,000000000000000000000000,0.0,0.0,6.802525603159306e-07,0.0008247742480921253
poisson_2d,4,1,3,0.01,000000000000000000000000,0.0,0.0,6.802525603159306e-07,0.0008247742480921253
poisson_2d,5,0,0,0.01,001001000001000000110010,0.005634765625,0.00048828125,6.500398343067945e-07,0.0008062504786398482
poisson_2d,5,0,1,0.01,000000000000000000000000,0.0,0.0,6.500398343069842e-07,0.0008062504786398482
poisson_2d,5,0,2,0.01,000000000000000000000000,0.0,0.0,6.500398343069842e-07,0.0008062504786398482
poisson_2d,5,0,3,0.01,000000000000000000000000,0.0,0.0,6.500398343069842e-07,0.0008062504786398482
poisson_2d,5,1,0,0.01,000000110010001001000001,0.00048828125,0.005634765625,6.500398343066708e-07,0.0008062504786396537
poisson_2d,5,1,1,0.01,000000000000000000000000,0.0,0.0,6.500398343066708e-07,0.0008062504786396537
poisson_2d,5,1,2,0.01,000000000000000000000000,0.0,0.0,6.500398343066708e-07,0.0008062504786396537
poisson_2d,5,1,3,0.01,000000000000000000000000,0.0,0.0,6.500398343066708e-07,0.0008062504786396537
poisson_2d,6,0,0,0.01,001001000110000000110101,0.005683593749999999,0.000517578125,2.4520598608450536e-07,0.0004951827804804189
poisson_2d,6,0,1,0.01,000000000000000000000000,0.0,0.0,2.452059860843188e-07,0.0004951827804804189
poisson_2d,6,0,2,0.01,000000000000000000000000,0.0,0.0,2.452059860843188e-07,0.0004951827804804189
poisson_2d,6,0,3,0.01,000000000000000000000000,0.0,0.0,2.452059860843188e-07,0.0004951827804804189
poisson_2d,6,1,0,0.01,000000110101001001000110,0.000517578125,0.005683593749999999,2.452059860845324e-07,0.0004951827804804187
poisson_2d,6,1,1,0.01,000000000000000000000000,0.0,0.0,2.4520598608431854e-07,0.0004951827804804187
poisson_2d,6,1,2,0.01,000000000000000000000000,0.0,0.0,2.4520598608431854e-07,0.0004951827804804187
poisson_2d,6,1,3,0.01,000000000000000000000000,0.0,0.0,2.4520598608431854e-07,0.0004951827804804187
poisson_2d,7,0,0,0.01,001001001000000000110111,0.005703125,0.000537109375,6.135425660294276e-07,0.0007832895799316312
poisson_2d,7,0,1,0.01,000000000000000000000000,0.0,0.0,6.135425660294713e-07,0.0007832895799316312
poisson_2d,7,0,2,0.01,000000000000000000000000,0.0,0.0,6.135425660294713e-07,0.0007832895799316312
poisson_2d,7,0,3,0.01,000000000000000000000000,0.0,0.0,6.135425660294713e-07,0.0007832895799316312
poisson_2d,7,1,0,0.01,000000110111001001001000,0.000537109375,0.005703125,6.135425660293232e-07,0.0007832895799316297
poisson_2d,7,1,1,0.01,000000000000000000000000,0.0,0.0,6.135425660294689e-07,0.0007832895799316297
poisson_2d,7,1,2,0.01,000000000000000000000000,0.0,0.0,6.135425660294689e-07,0.0007832895799316297
poisson_2d,7,1,3,0.01,000000000000000000000000,0.0,0.0,6.135425660294689e-07,0.0007832895799316297
poisson_2d,8,0,0,0.01,001001001010000000111000,0.0057226562499999994,0.0005468749999999999,6.884853254245454e-07,0.0008297501584357335
poisson_2d,8,0,1,0.01,000000000000000000000000,0.0,0.0,6.884853254241247e-07,0.0008297501584357335
poisson_2d,8,0,2,0.01,000000000000000000000000,0.0,0.0,6.884853254241247e-07,0.0008297501584357335
poisson_2d,8,0,3,0.01,000000000000000000000000,0.0,0.0,6.884853254241247e-07,0.0008297501584357335
poisson_2d,8,1,0,0.01,000000111000001001001010,0.0005468749999999999,0.0057226562499999994,6.884853254244935e-07,0.0008297501584357335
poisson_2d,8,1,1,0.01,000000000000000000000000,0.0,0.0,6.884853254241248e-07,0.0008297501584357335
poisson_2d,8,1,2,0.01,000000000000000000000000,0.0,0.0,6.884853254241248e-07,0.0008297501584357335
poisson_2d,8,1,3,0.01,000000000000000000000000,0.0,0.0,6.884853254241248e-07,0.0008297501584357335
poisson_2d,9,0,0,0.01,001001001011000000111001,0.005732421874999999,0.000556640625,8.061737641975963e-07,0.0008978717971944282
poisson_2d,9,0,1,0.01,000000000000000000000000,0.0,0.0,8.061737641971521e-07,0.0008978717971944282
poisson_2d,9,0,2,0.01,000000000000000000000000,0.0,0.0,8.061737641971521e-07,0.0008978717971944282
poisson_2d,9,0,3,0.01,000000000000000000000000,0.0,0.0,8.061737641971521e-07,0.0008978717971944282
poisson_2d,9,1,0,0.01,000000111001001001001011,0.000556640625,0.005732421874999999,8.061737641977287e-07,0.0008978717971945894
poisson_2d,9,1,1,0.01,000000000000000000000000,0.0,0.0,8.061737641974418e-07,0.0008978717971945894
poisson_2d,9,1,2,0.01,000000000000000000000000,0.0,0.0,8.061737641974418e-07,0.0008978717971945894
poisson_2d,9,1,3,0.01,000000000000000000000000,0.0,0.0,8.061737641974418e-07,0.0008978717971945894
poisson_2d,10,0,0,0.01,001001001011000000111001,0.005732421874999999,0.000556640625,1.4335549062235892e-07,0.0003786231511971222
poisson_2d,10,0,1,0.01,000000000000000000000000,0.0,0.0,1.4335549062243886e-07,0.0003786231511971222
poisson_2d,10,0,2,0.01,000000000000000000000000,0.0,0.0,1.4335549062243886e-07,0.0003786231511971222
poisson_2d,10,0,3,0.01,000000000000000000000000,0.0,0.0,1.4335549062243886e-07,0.0003786231511971222
poisson_2d,10,1,0,0.01,000000111001001001001011,0.000556640625,0.005732421874999999,1.4335549062239553e-07,0.0003786231511971266
poisson_2d,10,1,1,0.01,000000000000000000000000,0.0,0.0,1.433554906224422e-07,0.0003786231511971266
poisson_2d,10,1,2,0.01,000000000000000000000000,0.0,0.0,1.433554906224422e-07,0.0003786231511971266
poisson_2d,10,1,3,0.01,000000000000000000000000,0.0,0.0,1.433554906224422e-07,0.0003786231511971266
helmholtz_2d,1,0,0,0.01,000110011001000000001111,0.003994140625,0.000146484375,2.139282226562301e-06,0.0014626285333475895
helmholtz_2d,1,0,1,0.01,000000000000000000000000,0.0,0.0,2.139282226562521e-06,0.0014626285333475895
helmholtz_2d,1,0,2,0.01,000000000000000000000000,0.0,0.0,2.139282226562521e-06,0.0014626285333475895
helmholtz_2d,1,0,3,0.01,000000000000000000000000,0.0,0.0,2.139282226562521e-06,0.0014626285333475895
helmholtz_2d,1,1,0,0.01,000000001111000110011001,0.000146484375,0.003994140625,2.1392822265625155e-06,0.0014626285333475878
helmholtz_2d,1,1,1,0.01,000000000000000000000000,0.0,0.0,2.1392822265625155e-06,0.0014626285333475878
helmholtz_2d,1,1,2,0.01,000000000000000000000000,0.0,0.0,2.1392822265625155e-06,0.0014626285333475878
helmholtz_2d,1,1,3,0.01,000000000000000000000000,0.0,0.0,2.1392822265625155e-06,0.0014626285333475878
helmholtz_2d,2,0,0,0.01,001000010110000000011111,0.00521484375,0.000302734375,3.838957956753038e-07,0.0006195932501852642
helmholtz_2d,2,0,1,0.01,000000000000000000000000,0.0,0.0,3.8389579567513935e-07,0.0006195932501852642
helmholtz_2d,2,0,2,0.01,000000000000000000000000,0.0,0.0,3.8389579567513935e-07,0.0006195932501852642
helmholtz_2d,2,0,3,0.01,000000000000000000000000,0.0,0.0,3.8389579567513935e-07,0.0006195932501852642
helmholtz_2d,2,1,0,0.01,000000011111001000010110,0.000302734375,0.00521484375,3.838957956754053e-07,0.0006195932501854787
helmholtz_2d,2,1,1,0.01,000000000000000000000000,0.0,0.0,3.8389579567540516e-07,0.0006195932501854787
helmholtz_2d,2,1,2,0.01,000000000000000000000000,0.0,0.0,3.8389579567540516e-07,0.0006195932501854787
helmholtz_2d,2,1,3,0.01,000000000000000000000000,0.0,0.0,3.8389579567540516e-07,0.0006195932501854787
helmholtz_2d,3,0,0,0.01,001001001110000000101101,0.0057617187499999995,0.000439453125,5.566249455425562e-07,0.0007460730162273087
helmholtz_2d,3,0,1,0.01,000000000000000000000000,0.0,0.0,5.56624945542514e-07,0.0007460730162273087
helmholtz_2d,3,0,2,0.01,000000000000000000000000,0.0,0.0,5.56624945542514e-07,0.0007460730162273087
helmholtz_2d,3,0,3,0.01,000000000000000000000000,0.0,0.0,5.56624945542514e-07,0.0007460730162273087
helmholtz_2d,3,1,0,0.01,000000101101001001001110,0.000439453125,0.0057617187499999995,5.566249455425346e-07,0.000746073016227309
helmholtz_2d,3,1,1,0.01,000000000000000000000000,0.0,0.0,5.566249455425144e-07,0.000746073016227309
helmholtz_2d,3,1,2,0.01,000000000000000000000000,0.0,0.0,5.566249455425144e-07,0.000746073016227309
helmholtz_2d,3,1,3,0.01,000000000000000000000000,0.0,0.0,5.566249455425144e-07,0.000746073016227309
helmholtz_2d,4,0,0,0.01,001001101100000000111001,0.0060546875,0.000556640625,6.165424778567259e-07,0.0007852021891568898
helmholtz_2d,4,0,1,0.01,000000000000000000000000,0.0,0.0,6.165424778567722e-07,0.0007852021891568898
helmholtz_2d,4,0,2,0.01,000000000000000000000000,0.0,0.0,6.165424778567722e-07,0.0007852021891568898
helmholtz_2d,4,0,3,0.01,000000000000000000000000,0.0,0.0,6.165424778567722e-07,0.0007852021891568898
helmholtz_2d,4,1,0,0.01,000000111001001001101100,0.000556640625,0.0060546875,6.165424778567772e-07,0.0007852021891568876
helmholtz_2d,4,1,1,0.01,000000000000000000000000,0.0,0.0,6.165424778567686e-07,0.0007852021891568876
helmholtz_2d,4,1,2,0.01,000000000000000000000000,0.0,0.0,6.165424778567686e-07,0.0007852021891568876
helmholtz_2d,4,1,3,0.01,000000000000000000000000,0.0,0.0,6.165424778567686e-07,0.0007852021891568876
helmholtz_2d,5,0,0,0.01,001001111110000001000011,0.00623046875,0.000654296875,4.892235782265939e-07,0.0006994451931542741
helmholtz_2d,5,0,1,0.01,000000000000000000000000,0.0,0.0,4.892235782266197e-07,0.0006994451931542741
helmholtz_2d,5,0,2,0.01,000000000000000000000000,0.0,0.0,4.892235782266197e-07,0.0006994451931542741
helmholtz_2d,5,0,3,0.01,000000000000000000000000,0.0,0.0,4.892235782266197e-07,0.0006994451931542741
helmholtz_2d,5,1,0,0.01,000001000011001001111110,0.000654296875,0.00623046875,4.892235782266213e-07,0.0006994451931542716
helmholtz_2d,5,1,1,0.01,000000000000000000000000,0.0,0.0,4.892235782266161e-07,0.0006994451931542716
helmholtz_2d,5,1,2,0.01,000000000000000000000000,0.0,0.0,4.892235782266161e-07,0.0006994451931542716
helmholtz_2d,5,1,3,0.01,000000000000000000000000,0.0,0.0,4.892235782266161e-07,0.0006994451931542716
helmholtz_2d,6,0,0,0.01,001010001010000001001100,0.00634765625,0.0007421875,6.133789680074452e-07,0.0007831851428667917
helmholtz_2d,6,0,1,0.01,000000000000000000000000,0.0,0.0,6.133789680072768e-07,0.0007831851428667917
helmholtz_2d,6,0,2,0.01,000000000000000000000000,0.0,0.0,6.133789680072768e-07,0.0007831851428667917
helmholtz_2d,6,0,3,0.01,000000000000000000000000,0.0,0.0,6.133789680072768e-07,0.0007831851428667917
helmholtz_2d,6,1,0,0.01,000001001100001010001010,0.0007421875,0.00634765625,6.133789680074709e-07,0.0007831851428669204
helmholtz_2d,6,1,1,0.01,000000000000000000000000,0.0,0.0,6.133789680074785e-07,0.0007831851428669204
helmholtz_2d,6,1,2,0.01,000000000000000000000000,0.0,0.0,6.133789680074785e-07,0.0007831851428669204
helmholtz_2d,6,1,3,0.01,000000000000000000000000,0.0,0.0,6.133789680074785e-07,0.0007831851428669204
helmholtz_2d,7,0,0,0.01,001010010010000001010011,0.00642578125,0.0008105468750000001,3.8767688025161103e-07,0.0006226370373272742
helmholtz_2d,7,0,1,0.01,000000000000000000000000,0.0,0.0,3.8767688025168536e-07,0.0006226370373272742
helmholtz_2d,7,0,2,0.01,000000000000000000000000,0.0,0.0,3.8767688025168536e-07,0.0006226370373272742
helmholtz_2d,7,0,3,0.01,000000000000000000000000,0.0,0.0,3.8767688025168536e-07,0.0006226370373272742
helmholtz_2d,7,1,0,0.01,000001010011001010010010,0.0008105468750000001,0.00642578125,3.87676880251582e-07,0.0006226370373271951
helmholtz_2d,7,1,1,0.01,000000000000000000000000,0.0,0.0,3.87676880251587e-07,0.0006226370373271951
helmholtz_2d,7,1,2,0.01,000000000000000000000000,0.0,0.0,3.87676880251587e-07,0.0006226370373271951
helmholtz_2d,7,1,3,0.01,000000000000000000000000,0.0,0.0,3.87676880251587e-07,0.0006226370373271951
helmholtz_2d,8,0,0,0.01,001010011000000001011000,0.0064843750000000006,0.000859375,3.7242919561587093e-07,0.0006102697728184124
helmholtz_2d,8,0,1,0.01,000000000000000000000000,0.0,0.0,3.7242919561583673e-07,0.0006102697728184124
helmholtz_2d,8,0,2,0.01,000000000000000000000000,0.0,0.0,3.7242919561583673e-07,0.0006102697728184124
helmholtz_2d,8,0,3,0.01,000000000000000000000000,0.0,0.0,3.7242919561583673e-07,0.0006102697728184124
helmholtz_2d,8,1,0,0.01,000001011000001010011000,0.000859375,0.0064843750000000006,3.724291956158261e-07,0.0006102697728184675
helmholtz_2d,8,1,1,0.01,000000000000000000000000,0.0,0.0,3.7242919561590397e-07,0.0006102697728184675
helmholtz_2d,8,1,2,0.01,000000000000000000000000,0.0,0.0,3.7242919561590397e-07,0.0006102697728184675
helmholtz_2d,8,1,3,0.01,000000000000000000000000,0.0,0.0,3.7242919561590397e-07,0.0006102697728184675
helmholtz_2d,9,0,0,0.01,001010011101000001011101,0.006533203125,0.000908203125,5.418062913837029e-07,0.0007360749223983207
helmholtz_2d,9,0,1,0.01,000000000000000000000000,0.0,0.0,5.418062913836937e-07,0.0007360749223983207
helmholtz_2d,9,0,2,0.01,000000000000000000000000,0.0,0.0,5.418062913836937e-07,0.0007360749223983207
helmholtz_2d,9,0,3,0.01,000000000000000000000000,0.0,0.0,5.418062913836937e-07,0.0007360749223983207
helmholtz_2d,9,1,0,0.01,000001011101001010011101,0.000908203125,0.006533203125,5.418062913837039e-07,0.0007360749223983207
helmholtz_2d,9,1,1,0.01,000000000000000000000000,0.0,0.0,5.418062913836937e-07,0.0007360749223983207
helmholtz_2d,9,1,2,0.01,000000000000000000000000,0.0,0.0,5.418062913836937e-07,0.0007360749223983207
helmholtz_2d,9,1,3,0.01,000000000000000000000000,0.0,0.0,5.418062913836937e-07,0.0007360749223983207
helmholtz_2d,10,0,0,0.01,001010100001000001100001,0.006572265625,0.000947265625,3.9503260806962383e-07,0.0006285161955508024
helmholtz_2d,10,0,1,0.01,000000000000000000000000,0.0,0.0,3.9503260806965453e-07,0.0006285161955508024
helmholtz_2d,10,0,2,0.01,000000000000000000000000,0.0,0.0,3.9503260806965453e-07,0.0006285161955508024
helmholtz_2d,10,0,3,0.01,000000000000000000000000,0.0,0.0,3.9503260806965453e-07,0.0006285161955508024
helmholtz_2d,10,1,0,0.01,000001100001001010100001,0.000947265625,0.006572265625,3.9503260806963145e-07,0.0006285161955507739
helmholtz_2d,10,1,1,0.01,000000000000000000000000,0.0,0.0,3.950326080696187e-07,0.0006285161955507739
helmholtz_2d,10,1,2,0.01,000000000000000000000000,0.0,0.0,3.950326080696187e-07,0.0006285161955507739
helmholtz_2d,10,1,3,0.01,000000000000000000000000,0.0,0.0,3.950326080696187e-07,0.0006285161955507739
klein_gordon_1d,1,0,0,1.0,001111111111101110111000,0.9990234375,-1.0703125,2.8002704238823796e-08,0.00016734008557071396
klein_gordon_1d,1,0,1,1.0,000000000000000000000000,0.0,0.0,2.8002704238813866e-08,0.00016734008557071396
klein_gordon_1d,1,0,2,1.0,000000000000000000000000,0.0,0.0,2.8002704238813866e-08,0.00016734008557071396
klein_gordon_1d,1,0,3,1.0,000000000000000000000000,0.0,0.0,2.8002704238813866e-08,0.00016734008557071396
klein_gordon_1d,1,1,0,1.0,000000000001001111111111,0.0009765625,0.9990234375,5.341804885869611e-09,7.308765207522822e-05
klein_gordon_1d,1,1,1,1.0,000000000000000000000000,0.0,0.0,5.341804885869611e-09,7.308765207522822e-05
klein_gordon_1d,1,1,2,1.0,000000000000000000000000,0.0,0.0,5.341804885869611e-09,7.308765207522822e-05
klein_gordon_1d,1,1,3,1.0,000000000000000000000000,0.0,0.0,5.341804885869611e-09,7.308765207522822e-05
klein_gordon_1d,2,0,0,1.0,001111111111101110111000,0.9990234375,-1.0703125,1.821845012017493e-07,0.0004268307641229314
klein_gordon_1d,2,0,1,1.0,000000000000000000000000,0.0,0.0,1.8218450120176547e-07,0.0004268307641229314
klein_gordon_1d,2,0,2,1.0,000000000000000000000000,0.0,0.0,1.8218450120176547e-07,0.0004268307641229314
klein_gordon_1d,2,0,3,1.0,000000000000000000000000,0.0,0.0,1.8218450120176547e-07,0.0004268307641229314
klein_gordon_1d,2,1,0,1.0,000000000001001111111111,0.0009765625,0.9990234375,5.304105751984638e-09,7.282929185420271e-05
klein_gordon_1d,2,1,1,1.0,000000000000000000000000,0.0,0.0,5.304105751984638e-09,7.282929185420271e-05
klein_gordon_1d,2,1,2,1.0,000000000000000000000000,0.0,0.0,5.304105751984638e-09,7.282929185420271e-05
klein_gordon_1d,2,1,3,1.0,000000000000000000000000,0.0,0.0,5.304105751984638e-09,7.282929185420271e-05
klein_gordon_1d,3,0,0,1.0,001111111111101110111000,0.9990234375,-1.0703125,1.821845012017493e-07,0.0004268307641229314
klein_gordon_1d,3,0,1,1.0,000000000000000000000000,0.0,0.0,1.8218450120176547e-07,0.0004268307641229314
klein_gordon_1d,3,0,2,1.0,000000000000000000000000,0.0,0.0,1.8218450120176547e-07,0.0004268307641229314
klein_gordon_1d,3,0,3,1.0,000000000000000000000000,0.0,0.0,1.8218450120176547e-07,0.0004268307641229314
klein_gordon_1d,3,1,0,1.0,000000000001001111111111,0.0009765625,0.9990234375,5.304105751984638e-09,7.282929185420271e-05
klein_gordon_1d,3,1,1,1.0,000000000000000000000000,0.0,0.0,5.304105751984638e-09,7.282929185420271e-05
klein_gordon_1d,3,1,2,1.0,000000000000000000000000,0.0,0.0,5.304105751984638e-09,7.282929185420271e-05
klein_gordon_1d,3,1,3,1.0,000000000000000000000000,0.0,0.0,5.304105751984638e-09,7.282929185420271e-05
klein_gordon_1d,4,0,0,1.0,001111111111101110111000,0.9990234375,-1.0703125,1.821845012017493e-07,0.0004268307641229314
klein_gordon_1d,4,0,1,1.0,000000000000000000000000,0.0,0.0,1.8218450120176547e-07,0.0004268307641229314
klein_gordon_1d,4,0,2,1.0,000000000000000000000000,0.0,0.0,1.8218450120176547e-07,0.0004268307641229314
klein_gordon_1d,4,0,3,1.0,000000000000000000000000,0.0,0.0,1.8218450120176547e-07,0.0004268307641229314
klein_gordon_1d,4,1,0,1.0,000000000001001111111111,0.0009765625,0.9990234375,5.304105751984638e-09,7.282929185420271e-05
klein_gordon_1d,4,1,1,1.0,000000000000000000000000,0.0,0.0,5.304105751984638e-09,7.282929185420271e-05
klein_gordon_1d,4,1,2,1.0,000000000000000000000000,0.0,0.0,5.304105751984638e-09,7.282929185420271e-05
klein_gordon_1d,4,1,3,1.0,000000000000000000000000,0.0,0.0,5.304105751984638e-09,7.282929185420271e-05
klein_gordon_1d,5,0,0,1.0,001111111111101110111000,0.9990234375,-1.0703125,1.821845012017493e-07,0.0004268307641229314
klein_gordon_1d,5,0,1,1.0,000000000000000000000000,0.0,0.0,1.8218450120176547e-07,0.0004268307641229314
klein_gordon_1d,5,0,2,1.0,000000000000000000000000,0.0,0.0,1.8218450120176547e-07,0.0004268307641229314
klein_gordon_1d,5,0,3,1.0,000000000000000000000000,0.0,0.0,1.8218450120176547e-07,0.0004268307641229314
klein_gordon_1d,5,1,0,1.0,000000000001001111111111,0.0009765625,0.9990234375,5.304105751984638e-09,7.282929185420271e-05
klein_gordon_1d,5,1,1,1.0,000000000000000000000000,0.0,0.0,5.304105751984638e-09,7.282929185420271e-05
klein_gordon_1d,5,1,2,1.0,000000000000000000000000,0.0,0.0,5.304105751984638e-09,7.282929185420271e-05
klein_gordon_1d,5,1,3,1.0,000000000000000000000000,0.0,0.0,5.304105751984638e-09,7.282929185420271e-05
klein_gordon_1d,6,0,0,1.0,001111111111101110111000,0.9990234375,-1.0703125,1.821845012017493e-07,0.0004268307641229314
klein_gordon_1d,6,0,1,1.0,000000000000000000000000,0.0,0.0,1.8218450120176547e-07,0.0004268307641229314
klein_gordon_1d,6,0,2,1.0,000000000000000000000000,0.0,0.0,1.8218450120176547e-07,0.0004268307641229314
klein_gordon_1d,6,0,3,1.0,000000000000000000000000,0.0,0.0,1.8218450120176547e-07,0.0004268307641229314
klein_gordon_1d,6,1,0,1.0,000000000001001111111111,0.0009765625,0.9990234375,5.304105751984638e-09,7.282929185420271e-05
klein_gordon_1d,6,1,1,1.0,000000000000000000000000,0.0,0.0,5.304105751984638e-09,7.282929185420271e-05
klein_gordon_1d,6,1,2,1.0,000000000000000000000000,0.0,0.0,5.304105751984638e-09,7.282929185420271e-05
klein_gordon_1d,6,1,3,1.0,000000000000000000000000,0.0,0.0,5.304105751984638e-09,7.282929185420271e-05
klein_gordon_1d,7,0,0,1.0,001111111111101110111000,0.9990234375,-1.0703125,1.821845012017493e-07,0.0004268307641229314
klein_gordon_1d,7,0,1,1.0,000000000000000000000000,0.0,0.0,1.8218450120176547e-07,0.0004268307641229314
klein_gordon_1d,7,0,2,1.0,000000000000000000000000,0.0,0.0,1.8218450120176547e-07,0.0004268307641229314
klein_gordon_1d,7,0,3,1.0,000000000000000000000000,0.0,0.0,1.8218450120176547e-07,0.0004268307641229314
klein_gordon_1d,7,1,0,1.0,000000000001001111111111,0.0009765625,0.9990234375,5.304105751984638e-09,7.282929185420271e-05
klein_gordon_1d,7,1,1,1.0,000000000000000000000000,0.0,0.0,5.304105751984638e-09,7.282929185420271e-05
klein_gordon_1d,7,1,2,1.0,000000000000000000000000,0.0,0.0,5.304105751984638e-09,7.282929185420271e-05
klein_gordon_1d,7,1,3,1.0,000000000000000000000000,0.0,0.0,5.304105751984638e-09,7.282929185420271e-05
klein_gordon_1d,8,0,0,1.0,001111111111101110111000,0.9990234375,-1.0703125,1.821845012017493e-07,0.0004268307641229314
klein_gordon_1d,8,0,1,1.0,000000000000000000000000,0.0,0.0,1.8218450120176547e-07,0.0004268307641229314
klein_gordon_1d,8,0,2,1.0,000000000000000000000000,0.0,0.0,1.8218450120176547e-07,0.0004268307641229314
klein_gordon_1d,8,0,3,1.0,000000000000000000000000,0.0,0.0,1.8218450120176547e-07,0.0004268307641229314
klein_gordon_1d,8,1,0,1.0,000000000001001111111111,0.0009765625,0.9990234375,5.304105751984638e-09,7.282929185420271e-05
klein_gordon_1d,8,1,1,1.0,000000000000000000000000,0.0,0.0,5.304105751984638e-09,7.282929185420271e-05
klein_gordon_1d,8,1,2,1.0,000000000000000000000000,0.0,0.0,5.304105751984638e-09,7.282929185420271e-05
klein_gordon_1d,8,1,3,1.0,000000000000000000000000,0.0,0.0,5.304105751984638e-09,7.282929185420271e-05
klein_gordon_1d,9,0,0,1.0,001111111111101110111000,0.9990234375,-1.0703125,1.821845012017493e-07,0.0004268307641229314
klein_gordon_1d,9,0,1,1.0,000000000000000000000000,0.0,0.0,1.8218450120176547e-07,0.0004268307641229314
klein_gordon_1d,9,0,2,1.0,000000000000000000000000,0.0,0.0,1.8218450120176547e-07,0.0004268307641229314
klein_gordon_1d,9,0,3,1.0,000000000000000000000000,0.0,0.0,1.8218450120176547e-07,0.0004268307641229314
klein_gordon_1d,9,1,0,1.0,000000000001001111111111,0.0009765625,0.9990234375,5.304105751984638e-09,7.282929185420271e-05
klein_gordon_1d,9,1,1,1.0,000000000000000000000000,0.0,0.0,5.304105751984638e-09,7.282929185420271e-05
klein_gordon_1d,9,1,2,1.0,000000000000000000000000,0.0,0.0,5.304105751984638e-09,7.282929185420271e-05
klein_gordon_1d,9,1,3,1.0,000000000000000000000000,0.0,0.0,5.304105751984638e-09,7.282929185420271e-05
klein_gordon_1d,10,0,0,1.0,001111111111101110111000,0.9990234375,-1.0703125,1.821845012017493e-07,0.0004268307641229314
klein_gordon_1d,10,0,1,1.0,000000000000000000000000,0.0,0.0,1.8218450120176547e-07,0.0004268307641229314
klein_gordon_1d,10,0,2,1.0,000000000000000000000000,0.0,0.0,1.8218450120176547e-07,0.0004268307641229314
klein_gordon_1d,10,0,3,1.0,000000000000000000000000,0.0,0.0,1.8218450120176547e-07,0.0004268307641229314
klein_gordon_1d,10,1,0,1.0,000000000001001111111111,0.0009765625,0.9990234375,5.304105751984638e-09,7.282929185420271e-05
klein_gordon_1d,10,1,1,1.0,000000000000000000000000,0.0,0.0,5.304105751984638e-09,7.282929185420271e-05
klein_gordon_1d,10,1,2,1.0,000000000000000000000000,0.0,0.0,5.304105751984638e-09,7.282929185420271e-05
klein_gordon_1d,10,1,3,1.0,000000000000000000000000,0.0,0.0,5.304105751984638e-09,7.282929185420271e-05
klein_gordon_1d,11,0,0,1.0,001111111111101110111000,0.9990234375,-1.0703125,1.821845012017493e-07,0.0004268307641229314
klein_gordon_1d,11,0,1,1.0,000000000000000000000000,0.0,0.0,1.8218450120176547e-07,0.0004268307641229314
klein_gordon_1d,11,0,2,1.0,000000000000000000000000,0.0,0.0,1.8218450120176547e-07,0.0004268307641229314
klein_gordon_1d,11,0,3,1.0,000000000000000000000000,0.0,0.0,1.8218450120176547e-07,0.0004268307641229314
klein_gordon_1d,11,1,0,1.0,000000000001001111111111,0.0009765625,0.9990234375,5.304105751984638e-09,7.282929185420271e-05
klein_gordon_1d,11,1,1,1.0,000000000000000000000000,0.0,0.0,5.304105751984638e-09,7.282929185420271e-05
klein_gordon_1d,11,1,2,1.0,000000000000000000000000,0.0,0.0,5.304105751984638e-09,7.282929185420271e-05
klein_gordon_1d,11,1,3,1.0,000000000000000000000000,0.0,0.0,5.304105751984638e-09,7.282929185420271e-05
klein_gordon_1d,12,0,0,1.0,001111111111101110111000,0.9990234375,-1.0703125,1.821845012017493e-07,0.0004268307641229314
klein_gordon_1d,12,0,1,1.0,000000000000000000000000,0.0,0.0,1.8218450120176547e-07,0.0004268307641229314
klein_gordon_1d,12,0,2,1.0,000000000000000000000000,0.0,0.0,1.8218450120176547e-07,0.0004268307641229314
klein_gordon_1d,12,0,3,1.0,000000000000000000000000,0.0,0.0,1.8218450120176547e-07,0.0004268307641229314
klein_gordon_1d,12,1,0,1.0,000000000001001111111111,0.0009765625,0.9990234375,5.304105751984638e-09,7.282929185420271e-05
klein_gordon_1d,12,1,1,1.0,000000000000000000000000,0.0,0.0,5.304105751984638e-09,7.282929185420271e-05
klein_gordon_1d,12,1,2,1.0,000000000000000000000000,0.0,0.0,5.304105751984638e-09,7.282929185420271e-05
klein_gordon_1d,12,1,3,1.0,000000000000000000000000,0.0,0.0,5.304105751984638e-09,7.282929185420271e-05
klein_gordon_1d,13,0,0,1.0,001111111111101110111000,0.9990234375,-1.0703125,1.821845012017493e-07,0.0004268307641229314
klein_gordon_1d,13,0,1,1.0,000000000000000000000000,0.0,0.0,1.8218450120176547e-07,0.0004268307641229314
klein_gordon_1d,13,0,2,1.0,000000000000000000000000,0.0,0.0,1.8218450120176547e-07,0.0004268307641229314
klein_gordon_1d,13,0,3,1.0,000000000000000000000000,0.0,0.0,1.8218450120176547e-07,0.0004268307641229314
klein_gordon_1d,13,1,0,1.0,000000000001001111111111,0.0009765625,0.9990234375,5.304105751984638e-09,7.282929185420271e-05
klein_gordon_1d,13,1,1,1.0,000000000000000000000000,0.0,0.0,5.304105751984638e-09,7.282929185420271e-05
klein_gordon_1d,13,1,2,1.0,000000000000000000000000,0.0,0.0,5.304105751984638e-09,7.282929185420271e-05
klein_gordon_1d,13,1,3,1.0,000000000000000000000000,0.0,0.0,5.304105751984638e-09,7.282929185420271e-05
klein_gordon_1d,14,0,0,1.0,001111111111101110111000,0.9990234375,-1.0703125,1.821845012017493e-07,0.0004268307641229314
klein_gordon_1d,14,0,1,1.0,000000000000000000000000,0.0,0.0,1.8218450120176547e-07,0.0004268307641229314
klein_gordon_1d,14,0,2,1.0,000000000000000000000000,0.0,0.0,1.8218450120176547e-07,0.0004268307641229314
klein_gordon_1d,14,0,3,1.0,000000000000000000000000,0.0,0.0,1.8218450120176547e-07,0.0004268307641229314
klein_gordon_1d,14,1,0,1.0,000000000001001111111111,0.0009765625,0.9990234375,5.304105751984638e-09,7.282929185420271e-05
klein_gordon_1d,14,1,1,1.0,000000000000000000000000,0.0,0.0,5.304105751984638e-09,7.282929185420271e-05
klein_gordon_1d,14,1,2,1.0,000000000000000000000000,0.0,0.0,5.304105751984638e-09,7.282929185420271e-05
klein_gordon_1d,14,1,3,1.0,000000000000000000000000,0.0,0.0,5.304105751984638e-09,7.282929185420271e-05
klein_gordon_1d,15,0,0,1.0,001111111111101110111000,0.9990234375,-1.0703125,1.821845012017493e-07,0.0004268307641229314
klein_gordon_1d,15,0,1,1.0,000000000000000000000000,0.0,0.0,1.8218450120176547e-07,0.0004268307641229314
klein_gordon_1d,15,0,2,1.0,000000000000000000000000,0.0,0.0,1.8218450120176547e-07,0.0004268307641229314
klein_gordon_1d,15,0,3,1.0,000000000000000000000000,0.0,0.0,1.8218450120176547e-07,0.0004268307641229314
klein_gordon_1d,15,1,0,1.0,000000000001001111111111,0.0009765625,0.9990234375,5.304105751984638e-09,7.282929185420271e-05
klein_gordon_1d,15,1,1,1.0,000000000000000000000000,0.0,0.0,5.304105751984638e-09,7.282929185420271e-05
klein_gordon_1d,15,1,2,1.0,000000000000000000000000,0.0,0.0,5.304105751984638e-09,7.282929185420271e-05
klein_gordon_1d,15,1,3,1.0,000000000000000000000000,0.0,0.0,5.304105751984638e-09,7.282929185420271e-05
klein_gordon_1d,16,0,0,1.0,001111111111101110111000,0.9990234375,-1.0703125,1.821845012017493e-07,0.0004268307641229314
klein_gordon_1d,16,0,1,1.0,000000000000000000000000,0.0,0.0,1.8218450120176547e-07,0.0004268307641229314
klein_gordon_1d,16,0,2,1.0,000000000000000000000000,0.0,0.0,1.8218450120176547e-07,0.0004268307641229314
klein_gordon_1d,16,0,3,1.0,000000000000000000000000,0.0,0.0,1.8218450120176547e-07,0.0004268307641229314
klein_gordon_1d,16,1,0,1.0,000000000001001111111111,0.0009765625,0.9990234375,5.304105751984638e-09,7.282929185420271e-05
klein_gordon_1d,16,1,1,1.0,000000000000000000000000,0.0,0.0,5.304105751984638e-09,7.282929185420271e-05
klein_gordon_1d,16,1,2,1.0,000000000000000000000000,0.0,0.0,5.304105751984638e-09,7.282929185420271e-05
klein_gordon_1d,16,1,3,1.0,000000000000000000000000,0.0,0.0,5.304105751984638e-09,7.282929185420271e-05
klein_gordon_1d,17,0,0,1.0,001111111111101110111000,0.9990234375,-1.0703125,1.821845012017493e-07,0.0004268307641229314
klein_gordon_1d,17,0,1,1.0,000000000000000000000000,0.0,0.0,1.8218450120176547e-07,0.0004268307641229314
klein_gordon_1d,17,0,2,1.0,000000000000000000000000,0.0,0.0,1.8218450120176547e-07,0.0004268307641229314
klein_gordon_1d,17,0,3,1.0,000000000000000000000000,0.0,0.0,1.8218450120176547e-07,0.0004268307641229314
klein_gordon_1d,17,1,0,1.0,000000000001001111111111,0.0009765625,0.9990234375,5.304105751984638e-09,7.282929185420271e-05
klein_gordon_1d,17,1,1,1.0,000000000000000000000000,0.0,0.0,5.304105751984638e-09,7.282929185420271e-05
klein_gordon_1d,17,1,2,1.0,000000000000000000000000,0.0,0.0,5.304105751984638e-09,7.282929185420271e-05
klein_gordon_1d,17,1,3,1.0,000000000000000000000000,0.0,0.0,5.304105751984638e-09,7.282929185420271e-05
klein_gordon_1d,18,0,0,1.0,001111111111101110111000,0.9990234375,-1.0703125,1.821845012017493e-07,0.0004268307641229314
klein_gordon_1d,18,0,1,1.0,000000000000000000000000,0.0,0.0,1.8218450120176547e-07,0.0004268307641229314
klein_gordon_1d,18,0,2,1.0,000000000000000000000000,0.0,0.0,1.8218450120176547e-07,0.0004268307641229314
klein_gordon_1d,18,0,3,1.0,000000000000000000000000,0.0,0.0,1.8218450120176547e-07,0.0004268307641229314
klein_gordon_1d,18,1,0,1.0,000000000001001111111111,0.0009765625,0.9990234375,5.304105751984638e-09,7.282929185420271e-05
klein_gordon_1d,18,1,1,1.0,000000000000000000000000,0.0,0.0,5.304105751984638e-09,7.282929185420271e-05
klein_gordon_1d,18,1,2,1.0,000000000000000000000000,0.0,0.0,5.304105751984638e-09,7.282929185420271e-05
klein_gordon_1d,18,1,3,1.0,000000000000000000000000,0.0,0.0,5.304105751984638e-09,7.282929185420271e-05
klein_gordon_1d,19,0,0,1.0,001111111111101110111000,0.9990234375,-1.0703125,1.821845012017493e-07,0.0004268307641229314
klein_gordon_1d,19,0,1,1.0,000000000000000000000000,0.0,0.0,1.8218450120176547e-07,0.0004268307641229314
klein_gordon_1d,19,0,2,1.0,000000000000000000000000,0.0,0.0,1.8218450120176547e-07,0.0004268307641229314
klein_gordon_1d,19,0,3,1.0,000000000000000000000000,0.0,0.0,1.8218450120176547e-07,0.0004268307641229314
klein_gordon_1d,19,1,0,1.0,000000000001001111111111,0.0009765625,0.9990234375,5.304105751984638e-09,7.282929185420271e-05
klein_gordon_1d,19,1,1,1.0,000000000000000000000000,0.0,0.0,5.304105751984638e-09,7.282929185420271e-05
klein_gordon_1d,19,1,2,1.0,000000000000000000000000,0.0,0.0,5.304105751984638e-09,7.282929185420271e-05
klein_gordon_1d,19,1,3,1.0,000000000000000000000000,0.0,0.0,5.304105751984638e-09,7.282929185420271e-05
klein_gordon_1d,20,0,0,1.0,001111111111101110111000,0.9990234375,-1.0703125,1.821845012017493e-07,0.0004268307641229314
klein_gordon_1d,20,0,1,1.0,000000000000000000000000,0.0,0.0,1.8218450120176547e-07,0.0004268307641229314
klein_gordon_1d,20,0,2,1.0,000000000000000000000000,0.0,0.0,1.8218450120176547e-07,0.0004268307641229314
klein_gordon_1d,20,0,3,1.0,000000000000000000000000,0.0,0.0,1.8218450120176547e-07,0.0004268307641229314
klein_gordon_1d,20,1,0,1.0,000000000001001111111111,0.0009765625,0.9990234375,5.304105751984638e-09,7.282929185420271e-05
klein_gordon_1d,20,1,1,1.0,000000000000000000000000,0.0,0.0,5.304105751984638e-09,7.282929185420271e-05
klein_gordon_1d,20,1,2,1.0,000000000000000000000000,0.0,0.0,5.304105751984638e-09,7.282929185420271e-05
klein_gordon_1d,20,1,3,1.0,000000000000000000000000,0.0,0.0,5.304105751984638e-09,7.282929185420271e-05
