qci_id,pde_name,block,column,unique_id,exact_hit,exact_resid,hw_resid,ratio,hw_y0,hw_y1,exact_y0,exact_y1,dy_norm,energy_gap
QCI-001,Heat 1D,1,0,UQCI-001,True,0.0002576019542738,0.0002576019542738,1.0,0.93515625,0.0310546874999999,0.93515625,0.0310546874999999,0.0,0.0
QCI-002,Heat 1D,1,1,UQCI-002,False,0.0002576019542738,0.0006631190218642,2.5742002762888503,0.03046875,0.9345703125,0.0310546874999999,0.93515625,0.0008286407592029,8.84440211623705e-08
QCI-003,Heat 1D,2,0,UQCI-003,True,0.0002986010743928,0.0002986010743928,1.0,0.936328125,0.0310546874999999,0.936328125,0.0310546874999999,0.0,0.0
QCI-004,Heat 1D,2,1,UQCI-004,False,0.0002221104341853,0.0010393643758106,4.679493692508129,0.0298828124999999,0.93515625,0.0310546874999999,0.93515625,0.0011718749999999,2.4421194994017625e-07
QCI-005,Heat 1D,3,0,UQCI-005,True,0.0002986001673619,0.0002986001673619,1.0,0.936328125,0.0310546874999999,0.936328125,0.0310546874999999,0.0,0.0
QCI-006,Heat 1D,3,1,UQCI-006,True,0.0002221103923136,0.0002221103923136,1.0,0.0310546874999999,0.93515625,0.0310546874999999,0.93515625,0.0,0.0
QCI-007,Heat 1D,4,0,UQCI-007,False,0.0002986001673607,0.0004772669648925,1.5983479483988856,0.9357421875,0.0310546874999999,0.936328125,0.0310546874999999,0.0005859375,3.2886629086625874e-08
QCI-008,Heat 1D,4,1,UQCI-008,False,0.0002221103923136,0.0006288431593859,2.83121898455814,0.0310546874999999,0.9345703125,0.0310546874999999,0.93515625,0.0005859374999999,8.198725032215749e-08
QCI-009,Heat 1D,5,0,UQCI-007,False,0.0002986001673607,0.0004772669648925,1.5983479483988856,0.9357421875,0.0310546874999999,0.936328125,0.0310546874999999,0.0005859375,3.2886629086625874e-08
QCI-010,Heat 1D,5,1,UQCI-008,False,0.0002221103923136,0.0006288431593859,2.83121898455814,0.0310546874999999,0.9345703125,0.0310546874999999,0.93515625,0.0005859374999999,8.198725032215749e-08
QCI-011,Heat 1D,6,0,UQCI-007,False,0.0002986001673607,0.0004772669648925,1.5983479483988856,0.9357421875,0.0310546874999999,0.936328125,0.0310546874999999,0.0005859375,3.2886629086625874e-08
QCI-012,Heat 1D,6,1,UQCI-008,False,0.0002221103923136,0.0006288431593859,2.83121898455814,0.0310546874999999,0.9345703125,0.0310546874999999,0.93515625,0.0005859374999999,8.198725032215749e-08
QCI-013,Heat 1D,7,0,UQCI-007,False,0.0002986001673607,0.0004772669648925,1.5983479483988856,0.9357421875,0.0310546874999999,0.936328125,0.0310546874999999,0.0005859375,3.2886629086625874e-08
QCI-014,Heat 1D,7,1,UQCI-008,False,0.0002221103923136,0.0006288431593859,2.83121898455814,0.0310546874999999,0.9345703125,0.0310546874999999,0.93515625,0.0005859374999999,8.198725032215749e-08
QCI-015,Heat 1D,8,0,UQCI-007,False,0.0002986001673607,0.0004772669648925,1.5983479483988856,0.9357421875,0.0310546874999999,0.936328125,0.0310546874999999,0.0005859375,3.2886629086625874e-08
QCI-016,Heat 1D,8,1,UQCI-008,False,0.0002221103923136,0.0006288431593859,2.83121898455814,0.0310546874999999,0.9345703125,0.0310546874999999,0.93515625,0.0005859374999999,8.198725032215749e-08
QCI-017,Heat 1D,9,0,UQCI-007,False,0.0002986001673607,0.0004772669648925,1.5983479483988856,0.9357421875,0.0310546874999999,0.936328125,0.0310546874999999,0.0005859375,3.2886629086625874e-08
QCI-018,Heat 1D,9,1,UQCI-008,False,0.0002221103923136,0.0006288431593859,2.83121898455814,0.0310546874999999,0.9345703125,0.0310546874999999,0.93515625,0.0005859374999999,8.198725032215749e-08
QCI-019,Heat 1D,10,0,UQCI-007,False,0.0002986001673607,0.0004772669648925,1.5983479483988856,0.9357421875,0.0310546874999999,0.936328125,0.0310546874999999,0.0005859375,3.2886629086625874e-08
QCI-020,Heat 1D,10,1,UQCI-008,False,0.0002221103923136,0.0006288431593859,2.83121898455814,0.0310546874999999,0.9345703125,0.0310546874999999,0.93515625,0.0005859374999999,8.198725032215749e-08
QCI-021,Poisson 2D,1,0,UQCI-009,True,0.0012441881491119,0.0012441881491119,1.0,0.00384765625,0.00013671875,0.00384765625,0.00013671875,0.0,0.0
QCI-022,Poisson 2D,1,1,UQCI-010,True,0.0012441881491118,0.0012441881491118,1.0,0.00013671875,0.00384765625,0.00013671875,0.00384765625,0.0,0.0
QCI-023,Poisson 2D,2,0,UQCI-011,True,0.0007231244932332,0.0007231244932332,1.0,0.004921875,0.000263671875,0.004921875,0.000263671875,0.0,0.0
QCI-024,Poisson 2D,2,1,UQCI-012,False,0.0007231244932331,0.0019463414175685,2.6915716944760057,0.0002734375,0.004921875,0.000263671875,0.004921875,9.765625000000009e-06,1.317868622771612e-07
QCI-025,Poisson 2D,3,0,UQCI-013,True,0.0010768429890416,0.0010768429890416,1.0,0.0053515625,0.00037109375,0.0053515625,0.00037109375,0.0,0.0
QCI-026,Poisson 2D,3,1,UQCI-014,False,0.0010768429890414,0.0013308611706965,1.2358915684460252,0.000361328125,0.0053515625,0.00037109375,0.0053515625,9.765625000000009e-06,2.8180912575725973e-08
QCI-027,Poisson 2D,4,0,UQCI-015,True,0.0003509645615545,0.0003509645615545,1.0,0.005537109375,0.000439453125,0.005537109375,0.000439453125,0.0,0.0
QCI-028,Poisson 2D,4,1,UQCI-016,False,0.0003509645615545,0.0016074566831343,4.5801110972975145,0.000439453125,0.005546875,0.000439453125,0.005537109375,9.765624999999792e-06,1.1969733346856026e-07
QCI-029,Poisson 2D,5,0,UQCI-017,True,0.0008309026903017,0.0008309026903017,1.0,0.005634765625,0.00048828125,0.005634765625,0.00048828125,0.0,0.0
QCI-030,Poisson 2D,5,1,UQCI-018,False,0.0008309026903019,0.0029710879789302,3.575735177666336,0.00048828125,0.005615234375,0.00048828125,0.005634765625,1.953125000000045e-05,4.057013006653065e-07
QCI-031,Poisson 2D,6,0,UQCI-019,False,0.0009207476377187,0.0010528304891918,1.1434517408052634,0.005673828125,0.000517578125,0.00568359375,0.000517578125,9.765624999999792e-06,1.3154312777929889e-08
QCI-032,Poisson 2D,6,1,UQCI-020,False,0.0009207476377189,0.001400208459286,1.5207298959299913,0.0005078125,0.005673828125,0.000517578125,0.00568359375,1.3810679320049616e-05,5.615487395915776e-08
QCI-033,Poisson 2D,7,0,UQCI-021,False,0.0007078208960787,0.0015751310486182,2.225324312046036,0.005712890625,0.000537109375,0.005703125,0.000537109375,9.76562500000066e-06,1.0053255897202185e-07
QCI-034,Poisson 2D,7,1,UQCI-022,False,0.0007078208960787,0.0020126139492037,2.843394367633548,0.00052734375,0.005693359375,0.000537109375,0.005703125,1.3810679320049616e-05,1.8022519424065744e-07
QCI-035,Poisson 2D,8,0,UQCI-023,True,0.0008391147988139,0.0008391147988139,1.0,0.00572265625,0.000546875,0.00572265625,0.000546875,0.0,0.0
QCI-036,Poisson 2D,8,1,UQCI-024,False,0.0008391147988137,0.0016907310657169,2.014898400203537,0.000537109375,0.00572265625,0.000546875,0.00572265625,9.765625000000009e-06,1.0974545117808933e-07
QCI-037,Poisson 2D,9,0,UQCI-025,False,0.0008754920216178,0.0024733893793019,2.825142112353184,0.00572265625,0.000537109375,0.00572265625,0.000546875,9.765625000000009e-06,2.7306499270768336e-07
QCI-038,Poisson 2D,9,1,UQCI-026,True,0.0008754920216178,0.0008754920216178,1.0,0.000546875,0.00572265625,0.000546875,0.00572265625,0.0,0.0
QCI-039,Poisson 2D,10,0,UQCI-027,False,0.0004185883154157,0.0032398380136863,7.739915077343014,0.00572265625,0.000537109375,0.005732421875,0.000556640625,2.1836601342771303e-05,5.27205564308797e-07
QCI-040,Poisson 2D,10,1,UQCI-028,False,0.0004185883154158,0.0019294354718671,4.60938683859464,0.00056640625,0.005732421875,0.000556640625,0.005732421875,9.7656249999999e-06,1.812037451892623e-07
QCI-041,Klein-Gordon 1D,1,0,UQCI-029,True,0.0003019267553977,0.0003019267553977,1.0,1.0,-1.703125,1.0,-1.703125,0.0,0.0
QCI-042,Klein-Gordon 1D,1,1,UQCI-030,True,0.0002908092815287,0.0002908092815287,1.0,0.0009765625,1.0,0.0009765625,1.0,0.0,0.0
QCI-043,Klein-Gordon 1D,2,0,UQCI-031,True,0.0003065554407961,0.0003065554407961,1.0,1.0,-1.703125,1.0,-1.703125,0.0,0.0
QCI-044,Klein-Gordon 1D,2,1,UQCI-032,False,0.0002907884223371,0.0006870873690201,2.362842934041029,0.0009765625,0.9990234375,0.0009765625,1.0,0.0009765625,4.844136884674111e-08
QCI-045,Klein-Gordon 1D,3,0,UQCI-033,True,0.0003065554409106,0.0003065554409106,1.0,1.0,-1.703125,1.0,-1.703125,0.0,0.0
QCI-046,Klein-Gordon 1D,3,1,UQCI-034,True,0.0002907884223366,0.0002907884223366,1.0,0.0009765625,1.0,0.0009765625,1.0,0.0,0.0
QCI-047,Klein-Gordon 1D,4,0,UQCI-033,True,0.0003065554409106,0.0003065554409106,1.0,1.0,-1.703125,1.0,-1.703125,0.0,0.0
QCI-048,Klein-Gordon 1D,4,1,UQCI-034,True,0.0002907884223366,0.0002907884223366,1.0,0.0009765625,1.0,0.0009765625,1.0,0.0,0.0
QCI-049,Klein-Gordon 1D,5,0,UQCI-033,True,0.0003065554409106,0.0003065554409106,1.0,1.0,-1.703125,1.0,-1.703125,0.0,0.0
QCI-050,Klein-Gordon 1D,5,1,UQCI-034,True,0.0002907884223366,0.0002907884223366,1.0,0.0009765625,1.0,0.0009765625,1.0,0.0,0.0
QCI-051,Klein-Gordon 1D,6,0,UQCI-033,True,0.0003065554409106,0.0003065554409106,1.0,1.0,-1.703125,1.0,-1.703125,0.0,0.0
QCI-052,Klein-Gordon 1D,6,1,UQCI-034,True,0.0002907884223366,0.0002907884223366,1.0,0.0009765625,1.0,0.0009765625,1.0,0.0,0.0
QCI-053,Klein-Gordon 1D,7,0,UQCI-033,True,0.0003065554409106,0.0003065554409106,1.0,1.0,-1.703125,1.0,-1.703125,0.0,0.0
QCI-054,Klein-Gordon 1D,7,1,UQCI-034,True,0.0002907884223366,0.0002907884223366,1.0,0.0009765625,1.0,0.0009765625,1.0,0.0,0.0
QCI-055,Klein-Gordon 1D,8,0,UQCI-033,True,0.0003065554409106,0.0003065554409106,1.0,1.0,-1.703125,1.0,-1.703125,0.0,0.0
QCI-056,Klein-Gordon 1D,8,1,UQCI-034,True,0.0002907884223366,0.0002907884223366,1.0,0.0009765625,1.0,0.0009765625,1.0,0.0,0.0
QCI-057,Klein-Gordon 1D,9,0,UQCI-033,True,0.0003065554409106,0.0003065554409106,1.0,1.0,-1.703125,1.0,-1.703125,0.0,0.0
QCI-058,Klein-Gordon 1D,9,1,UQCI-034,True,0.0002907884223366,0.0002907884223366,1.0,0.0009765625,1.0,0.0009765625,1.0,0.0,0.0
QCI-059,Klein-Gordon 1D,10,0,UQCI-033,True,0.0003065554409106,0.0003065554409106,1.0,1.0,-1.703125,1.0,-1.703125,0.0,0.0
QCI-060,Klein-Gordon 1D,10,1,UQCI-034,True,0.0002907884223366,0.0002907884223366,1.0,0.0009765625,1.0,0.0009765625,1.0,0.0,0.0
