B,N,block_1based,column,method,logical_bits,qubo_terms,gamma_i,objective_residual_squared,local_residual_norm,objective_ratio_to_rounded,objective_ratio_to_best_observed,decoded_column_error_norm,bit_hamming_vs_rounded,accepted_SA_flips,final_greedy_flips,saturation_entries,bitstring
8,960,1,0,rounded_reference,96,4656,0.25,9.5367431640625e-07,0.0009765625,1.0,1.1428571428571428,0.00022057638199549933,0,0,0,0,010001001010000100100110000001001111000000010101000000000110000000000010000000000000000000000000
8,960,1,0,greedy_from_rounded,96,4656,0.25,8.344650268554688e-07,0.0009134905729428568,0.875,1.0,0.0002451260912929707,1,0,1,,010001001010000100100110000001001111000000010101000000000110000000000010000000000001000000000000
8,960,1,0,cold_SA_plus_greedy,96,4656,0.25,0.0002047419548034668,0.014308806896574808,214.6875,245.35714285714286,0.005699314700275667,32,7742,0,,010000111111000100011011000000111111000000001110000000000011000000000000111111111111000000000000
8,960,1,0,warm_SA_plus_greedy,96,4656,0.25,8.344650268554688e-07,0.0009134905729428568,0.875,1.0,0.0002451260912929707,1,4431,1,,010001001010000100100110000001001111000000010101000000000110000000000010000000000001000000000000
8,960,1,1,rounded_reference,96,4656,0.25,1.0728836059570312e-06,0.0010358009490037316,1.0,1.6363636363636365,0.00021896317618864361,0,0,0,0,000100100110010010011000000100111011000001010100000000010111000000000110000000000010000000000000
8,960,1,1,greedy_from_rounded,96,4656,0.25,6.556510925292969e-07,0.0008097228492078613,0.6111111111111112,1.0,0.0002734751294851516,2,0,2,,000100100110010010011000000100111011000001010100000000010110000000000110000000000010000000000001
8,960,1,1,cold_SA_plus_greedy,96,4656,0.25,0.0243375301361084,0.15600490420531143,22684.222222222223,37119.63636363636,0.05895099392565528,57,7434,0,,000101001000010011111010001000000000000010101111000000101111111111111111111111111100111111111110
8,960,1,1,warm_SA_plus_greedy,96,4656,0.25,6.556510925292969e-07,0.0008097228492078613,0.6111111111111112,1.0,0.0002734751294851516,2,3303,2,,000100100110010010011000000100111011000001010100000000010110000000000110000000000010000000000001
8,960,1,2,rounded_reference,96,4656,0.25,5.364418029785156e-07,0.000732421875,1.0,1.0,0.000171683678070688,0,0,0,0,000001001111000100111011010010011110000100111101000001010101000000010111000000000110000000000010
8,960,1,2,greedy_from_rounded,96,4656,0.25,5.364418029785156e-07,0.000732421875,1.0,1.0,0.000171683678070688,0,0,0,,000001001111000100111011010010011110000100111101000001010101000000010111000000000110000000000010
8,960,1,2,cold_SA_plus_greedy,96,4656,0.25,0.06363040208816528,0.2522506731173681,118615.66666666667,118615.66666666667,0.09438665019672018,58,7604,0,,111111000100111111111111001111111111000011111111000001000000111111111111111111111011111111111101
8,960,1,2,warm_SA_plus_greedy,96,4656,0.25,5.364418029785156e-07,0.000732421875,1.0,1.0,0.000171683678070688,0,5973,0,,000001001111000100111011010010011110000100111101000001010101000000010111000000000110000000000010
8,960,1,3,rounded_reference,96,4656,0.25,8.940696716308594e-07,0.0009455525747576702,1.0,1.6666666666666667,0.00021287019539289754,0,0,0,0,000000010101000001010100000100111101010010011110000100111101000001010101000000010111000000000110
8,960,1,3,greedy_from_rounded,96,4656,0.25,5.364418029785156e-07,0.000732421875,0.6,1.0,0.00026497099803294086,1,0,1,,000000010101000001010100000100111100010010011110000100111101000001010101000000010111000000000110
8,960,1,3,cold_SA_plus_greedy,96,4656,0.25,2.8014183044433594e-06,0.0016737437989260361,3.1333333333333333,5.222222222222222,0.0005723182840251585,5,7665,0,,000000010101000001010100000100111100010010011110000100111100000001010011000000010110000000000110
8,960,1,3,warm_SA_plus_greedy,96,4656,0.25,5.364418029785156e-07,0.000732421875,0.6,1.0,0.00026497099803294086,1,4313,1,,000000010101000001010100000100111100010010011110000100111101000001010101000000010111000000000110
8,960,1,4,rounded_reference,96,4656,0.25,8.940696716308594e-07,0.0009455525747576702,1.0,1.6666666666666667,0.00021287019539287588,0,0,0,0,000000000110000000010111000001010101000100111101010010011110000100111101000001010100000000010101
8,960,1,4,greedy_from_rounded,96,4656,0.25,5.364418029785156e-07,0.000732421875,0.6,1.0,0.00026497099803291066,1,0,1,,000000000110000000010111000001010101000100111101010010011110000100111100000001010100000000010101
8,960,1,4,cold_SA_plus_greedy,96,4656,0.25,0.06376796960830688,0.25252320607878176,71323.26666666666,118872.11111111111,0.09558018634255708,45,7564,0,,000000000100000000000000111111001000111111111111001111111101000011111010000000110110111111111111
8,960,1,4,warm_SA_plus_greedy,96,4656,0.25,5.364418029785156e-07,0.000732421875,0.6,1.0,0.00026497099803291066,1,2996,1,,000000000110000000010111000001010101000100111101010010011110000100111100000001010100000000010101
8,960,1,5,rounded_reference,96,4656,0.25,5.364418029785156e-07,0.000732421875,1.0,1.0,0.00017168367807068917,0,0,0,0,000000000010000000000110000000010111000001010101000100111101010010011110000100111011000001001111
8,960,1,5,greedy_from_rounded,96,4656,0.25,5.364418029785156e-07,0.000732421875,1.0,1.0,0.00017168367807068917,0,0,0,,000000000010000000000110000000010111000001010101000100111101010010011110000100111011000001001111
8,960,1,5,cold_SA_plus_greedy,96,4656,0.25,0.0030744075775146484,0.05544734058108331,5731.111111111111,5731.111111111111,0.022275829132507054,36,7356,0,,000000000000111111111111000000011111000010000000000110000000010011000010000101010000000001011000
8,960,1,5,warm_SA_plus_greedy,96,4656,0.25,5.364418029785156e-07,0.000732421875,1.0,1.0,0.00017168367807068917,0,5084,0,,000000000010000000000110000000010111000001010101000100111101010010011110000100111011000001001111
8,960,1,6,rounded_reference,96,4656,0.25,1.0728836059570312e-06,0.0010358009490037316,1.0,1.6363636363636365,0.00021896317618861795,0,0,0,0,000000000000000000000010000000000110000000010111000001010100000100111011010010011000000100100110
8,960,1,6,greedy_from_rounded,96,4656,0.25,6.556510925292969e-07,0.0008097228492078613,0.6111111111111112,1.0,0.0002734751294851311,2,0,2,,000000000001000000000010000000000110000000010110000001010100000100111011010010011000000100100110
8,960,1,6,cold_SA_plus_greedy,96,4656,0.25,0.06239032745361328,0.2497805585981689,58152.0,95157.81818181818,0.09429034066041037,63,7697,0,,111111111110111111111011111111110011111111100000111111000000111111111111010000000011000100000000
8,960,1,6,warm_SA_plus_greedy,96,4656,0.25,6.556510925292969e-07,0.0008097228492078613,0.6111111111111112,1.0,0.0002734751294851311,2,3576,2,,000000000001000000000010000000000110000000010110000001010100000100111011010010011000000100100110
8,960,1,7,rounded_reference,96,4656,0.25,9.5367431640625e-07,0.0009765625,1.0,1.1428571428571428,0.00022057638199549876,0,0,0,0,000000000000000000000000000000000010000000000110000000010101000001001111000100100110010001001010
8,960,1,7,greedy_from_rounded,96,4656,0.25,8.344650268554688e-07,0.0009134905729428568,0.875,1.0,0.00024512609129297017,1,0,1,,000000000000000000000001000000000010000000000110000000010101000001001111000100100110010001001010
8,960,1,7,cold_SA_plus_greedy,96,4656,0.25,0.030130386352539062,0.1735810656510066,31594.0,36107.42857142857,0.0651942051103342,51,7239,0,,111111111111111111111111000000000101000000010101000001000010000011000000001000000000010010100111
8,960,1,7,warm_SA_plus_greedy,96,4656,0.25,8.344650268554688e-07,0.0009134905729428568,0.875,1.0,0.00024512609129297017,1,3084,1,,000000000000000000000001000000000010000000000110000000010101000001001111000100100110010001001010
8,960,30,0,rounded_reference,96,4656,0.4082316714394752,5.868015134117449e-07,0.0007660297079172222,1.0,1.0,0.00026698132454361264,0,0,0,0,001011110110000100000110000001101001000000110000000000011000000000001101000000000111000000000011
8,960,30,0,greedy_from_rounded,96,4656,0.4082316714394752,5.868015134117449e-07,0.0007660297079172222,1.0,1.0,0.00026698132454361676,0,0,0,,001011110110000100000110000001101001000000110000000000011000000000001101000000000111000000000011
8,960,30,0,cold_SA_plus_greedy,96,4656,0.4082316714394752,0.8828112282019408,0.9395803468580751,1504446.065704832,1504446.065704832,0.39183577474660014,55,6992,0,,111111111111111011110011111100111111111110101010000000000000000000000011111111111111111111111111
8,960,30,0,warm_SA_plus_greedy,96,4656,0.4082316714394752,5.868015134117449e-07,0.0007660297079172222,1.0,1.0,0.00026698132454361676,0,2402,0,,001011110110000100000110000001101001000000110000000000011000000000001101000000000111000000000011
8,960,30,1,rounded_reference,96,4656,0.4082316714394752,1.734735040697217e-06,0.0013170934062158297,1.0,3.3230082684711713,0.0003255184938786566,0,0,0,0,000100000110001101011111000100110110000010000001000000111101000000100000000000010000000000000111
8,960,30,1,greedy_from_rounded,96,4656,0.4082316714394752,1.3714516862319341e-06,0.0011710899565071566,0.7905828002878909,2.6271131822677543,0.0003672709592337018,1,0,1,,000100000110001101011111000100110110000010000001000000111101000000100000000000010001000000000111
8,960,30,1,cold_SA_plus_greedy,96,4656,0.4082316714394752,0.01675767363706339,0.12945143350717825,9660.076751737384,32100.51492008946,0.07166708816583169,42,7528,0,,000100000000001100111010000011100101111111111111111111110000000000000000000000000000111111111111
8,960,30,1,warm_SA_plus_greedy,96,4656,0.4082316714394752,5.220375336277219e-07,0.0007225216492450049,0.3009321431691994,1.0,0.0003725934297104072,6,2499,0,,000100000110001101011111000100110110000010000001000000111101000000011111000000010000000000000111
8,960,30,2,rounded_reference,96,4656,0.4082316714394752,3.3386953275840474e-06,0.0018272097108936475,1.0,1.1629297891339996,0.00042994053722486715,0,0,0,0,000001101001000100110110001101111000000101000100000010001000000001000000000000100000000000001101
8,960,30,2,greedy_from_rounded,96,4656,0.4082316714394752,3.281215278894912e-06,0.0018114125093128047,0.9827836795366622,1.1429084172079067,0.0005159050725568898,1,0,1,,000001101001000100110111001101111000000101000100000010001000000001000000000000100000000000001101
8,960,30,2,cold_SA_plus_greedy,96,4656,0.4082316714394752,0.15699828777867406,0.3962300944888892,47023.84385947592,54685.42882377045,0.23492339485860714,59,6132,0,,111111010011111111111111001000111111111111111111000000000000111111111100111111111011111111111101
8,960,30,2,warm_SA_plus_greedy,96,4656,0.4082316714394752,2.8709345643904076e-06,0.0016943832401173022,0.8598971402604377,1.0,0.0004959896084034974,11,2430,0,,000001101001000100110110001101110111000101000100000010001001000001000000000000011111000000001101
8,960,30,3,rounded_reference,96,4656,0.4082316714394752,2.189807417540419e-06,0.0014797997896811646,1.0,1.0,0.0004274094583245029,0,0,0,0,000000110000000010000001000101000100001101111111000101000111000010001000000000111101000000011000
8,960,30,3,greedy_from_rounded,96,4656,0.4082316714394752,2.189807417540419e-06,0.0014797997896811646,1.0,1.0,0.0004274094583245029,0,0,0,,000000110000000010000001000101000100001101111111000101000111000010001000000000111101000000011000
8,960,30,3,cold_SA_plus_greedy,96,4656,0.4082316714394752,0.849656167600142,0.9217679575685748,388004.97285486024,388004.97285486024,0.45992909724129816,30,6016,0,,000000000111000000000000111101011000111111111111111101010110000000000000000000000111000000000010
8,960,30,3,warm_SA_plus_greedy,96,4656,0.4082316714394752,2.189807417540419e-06,0.0014797997896811646,1.0,1.0,0.0004274094583245029,0,2785,0,,000000110000000010000001000101000100001101111111000101000111000010001000000000111101000000011000
8,960,30,4,rounded_reference,96,4656,0.4082316714394752,2.1898074175402887e-06,0.0014797997896811206,1.0,1.0,0.0004274094583244908,0,0,0,0,000000011000000000111101000010001000000101000111001101111111000101000100000010000001000000110000
8,960,30,4,greedy_from_rounded,96,4656,0.4082316714394752,2.1898074175402887e-06,0.0014797997896811206,1.0,1.0,0.0004274094583244908,0,0,0,,000000011000000000111101000010001000000101000111001101111111000101000100000010000001000000110000
8,960,30,4,cold_SA_plus_greedy,96,4656,0.4082316714394752,0.06355058401118456,0.2520924116493485,29021.083544674464,29021.083544674464,0.11114149657998532,44,6524,0,,111111111111000000111101000010101000000110010000010000000000001000000000000100000000111111111111
8,960,30,4,warm_SA_plus_greedy,96,4656,0.4082316714394752,2.1898074175402887e-06,0.0014797997896811206,1.0,1.0,0.0004274094583244908,0,2993,0,,000000011000000000111101000010001000000101000111001101111111000101000100000010000001000000110000
8,960,30,5,rounded_reference,96,4656,0.4082316714394752,3.338695327584039e-06,0.0018272097108936454,1.0,1.0175179144931001,0.00042994053722486715,0,0,0,0,000000001101000000100000000001000000000010001000000101000100001101111000000100110110000001101001
8,960,30,5,greedy_from_rounded,96,4656,0.4082316714394752,3.281215278894904e-06,0.0018114125093128025,0.9827836795366623,1.0,0.0005159050725568898,1,0,1,,000000001101000000100000000001000000000010001000000101000100001101111000000100110111000001101001
8,960,30,5,cold_SA_plus_greedy,96,4656,0.4082316714394752,0.011493069759103131,0.10720573566327098,3442.383515545216,3502.686895622995,0.04958383602726607,47,6696,0,,000000000000111111111010111111111111000001100111000101001000001110100000000110000000000010001110
8,960,30,5,warm_SA_plus_greedy,96,4656,0.4082316714394752,3.281215278894904e-06,0.0018114125093128025,0.9827836795366623,1.0,0.0005159050725568898,1,3926,1,,000000001101000000100000000001000000000010001000000101000100001101111000000100110111000001101001
8,960,30,6,rounded_reference,96,4656,0.4082316714394752,1.7347350406972542e-06,0.001317093406215844,1.0,1.264889648036677,0.00032551849387866367,0,0,0,0,000000000111000000010000000000100000000000111101000010000001000100110110001101011111000100000110
8,960,30,6,greedy_from_rounded,96,4656,0.4082316714394752,1.3714516862319625e-06,0.0011710899565071688,0.7905828002878903,1.0,0.0003672709592337081,1,0,1,,000000000111000000010001000000100000000000111101000010000001000100110110001101011111000100000110
8,960,30,6,cold_SA_plus_greedy,96,4656,0.4082316714394752,0.0707062037869643,0.26590638162135993,40759.07970276824,51555.73797953338,0.09448885825554305,45,6159,0,,000000000000000000000000111111111111000000000000111111111111000100111111010000000000000101100000
8,960,30,6,warm_SA_plus_greedy,96,4656,0.4082316714394752,1.3714516862320072e-06,0.0011710899565071878,0.790582800287916,1.0000000000000326,0.0003672709592337081,1,3965,0,,000000000111000000010001000000100000000000111101000010000001000100110110001101011111000100000110
8,960,30,7,rounded_reference,96,4656,0.4082316714394752,5.868015134116829e-07,0.0007660297079171818,1.0,1.0,0.00026698132454361644,0,0,0,0,000000000011000000000111000000001101000000011000000000110000000001101001000100000110001011110110
8,960,30,7,greedy_from_rounded,96,4656,0.4082316714394752,5.868015134116829e-07,0.0007660297079171818,1.0,1.0,0.00026698132454362056,0,0,0,,000000000011000000000111000000001101000000011000000000110000000001101001000100000110001011110110
8,960,30,7,cold_SA_plus_greedy,96,4656,0.4082316714394752,0.011067093007628906,0.10520025193709807,18860.028058353957,18860.028058353957,0.06176213283865017,58,7493,0,,111111111111000000000000111111111010111111110010111111101011111111111111000010111111001011010110
8,960,30,7,warm_SA_plus_greedy,96,4656,0.4082316714394752,5.868015134116829e-07,0.0007660297079171818,1.0,1.0,0.00026698132454362056,0,2485,0,,000000000011000000000111000000001101000000011000000000110000000001101001000100000110001011110110
8,960,60,0,rounded_reference,96,4656,0.4082316717278684,5.868012614576522e-07,0.0007660295434626866,1.0,1.0,0.00026698127455368503,0,0,0,0,001011110110000100000110000001101001000000110000000000011000000000001101000000000111000000000011
8,960,60,0,greedy_from_rounded,96,4656,0.4082316717278684,5.868012614576522e-07,0.0007660295434626866,1.0,1.0,0.0002669812745536851,0,0,0,,001011110110000100000110000001101001000000110000000000011000000000001101000000000111000000000011
8,960,60,0,cold_SA_plus_greedy,96,4656,0.4082316717278684,0.011250687569138737,0.10606925836046341,19172.909651201673,19172.909651201673,0.057652926751881245,32,7345,0,,001011011010000011000101111111111111111111110010000000000000000000000001000000000000000000000000
8,960,60,0,warm_SA_plus_greedy,96,4656,0.4082316717278684,5.868012614576522e-07,0.0007660295434626866,1.0,1.0,0.0002669812745536851,0,2352,0,,001011110110000100000110000001101001000000110000000000011000000000001101000000000111000000000011
8,960,60,1,rounded_reference,96,4656,0.4082316717278684,1.7347352788701088e-06,0.0013170934966319243,1.0,1.2648896529264912,0.00032551846740205967,0,0,0,0,000100000110001101011111000100110110000010000001000000111101000000100000000000010000000000000111
8,960,60,1,greedy_from_rounded,96,4656,0.4082316717278684,1.3714518692255648e-06,0.0011710900346367757,0.7905827972316545,1.000000000000002,0.00036727090602914065,1,0,1,,000100000110001101011111000100110110000010000001000000111101000000100000000000010001000000000111
8,960,60,1,cold_SA_plus_greedy,96,4656,0.4082316717278684,0.1512624634293327,0.3889247529141501,87196.28018855707,110293.67258418504,0.20581032135027236,46,6773,0,,111111111111000111111111000001010100111111111111000000000000000000000000111111111111000000000000
8,960,60,1,warm_SA_plus_greedy,96,4656,0.4082316717278684,1.371451869225562e-06,0.0011710900346367746,0.7905827972316528,1.0,0.00036727090602914065,1,3635,0,,000100000110001101011111000100110110000010000001000000111101000000100000000000010001000000000111
8,960,60,2,rounded_reference,96,4656,0.4082316717278684,3.3386961027961105e-06,0.001827209923023655,1.0,1.0175181279888525,0.00042994063967476397,0,0,0,0,000001101001000100110110001101111000000101000100000010001000000001000000000000100000000000001101
8,960,60,2,greedy_from_rounded,96,4656,0.4082316717278684,3.281215352295608e-06,0.0018114125295734288,0.9827834733288953,1.0,0.0005159051921786037,1,0,1,,000001101001000100110111001101111000000101000100000010001000000001000000000000100000000000001101
8,960,60,2,cold_SA_plus_greedy,96,4656,0.4082316717278684,0.10534411829404958,0.32456758663497126,31552.47289677709,32105.213155347636,0.1980003378167962,59,6996,0,,111111111111000010011111001010011000111111111111111111000000111111001111111111100100111111110011
8,960,60,2,warm_SA_plus_greedy,96,4656,0.4082316717278684,3.281215352295608e-06,0.0018114125295734288,0.9827834733288953,1.0,0.0005159051921786037,1,4051,1,,000001101001000100110111001101111000000101000100000010001000000001000000000000100000000000001101
8,960,60,3,rounded_reference,96,4656,0.4082316717278684,2.1898075991858555e-06,0.0014797998510561676,1.0,1.0,0.0004274095650603496,0,0,0,0,000000110000000010000001000101000100001101111111000101000111000010001000000000111101000000011000
8,960,60,3,greedy_from_rounded,96,4656,0.4082316717278684,2.1898075991858555e-06,0.0014797998510561676,1.0,1.0,0.00042740956506034065,0,0,0,,000000110000000010000001000101000100001101111111000101000111000010001000000000111101000000011000
8,960,60,3,cold_SA_plus_greedy,96,4656,0.4082316717278684,0.10315072749712978,0.321170869627259,47104.927179666374,47104.927179666374,0.18894311598554386,52,6508,0,,111111100000111111000000111111111111001010100011000010111111000000111010000000010000111111111111
8,960,60,3,warm_SA_plus_greedy,96,4656,0.4082316717278684,2.1898075991858555e-06,0.0014797998510561676,1.0,1.0,0.00042740956506034065,0,4970,0,,000000110000000010000001000101000100001101111111000101000111000010001000000000111101000000011000
8,960,60,4,rounded_reference,96,4656,0.4082316717278684,2.189807599185843e-06,0.0014797998510561634,1.0,1.0,0.0004274095650603512,0,0,0,0,000000011000000000111101000010001000000101000111001101111111000101000100000010000001000000110000
8,960,60,4,greedy_from_rounded,96,4656,0.4082316717278684,2.189807599185843e-06,0.0014797998510561634,1.0,1.0,0.0004274095650603422,0,0,0,,000000011000000000111101000010001000000101000111001101111111000101000100000010000001000000110000
8,960,60,4,cold_SA_plus_greedy,96,4656,0.4082316717278684,0.8184912957917165,0.9047050877450157,373773.15527447546,373773.15527447546,0.4800664076166849,43,6614,0,,111111111111000000000000111110000000111100010101111111111111111101011010000000000000000000000111
8,960,60,4,warm_SA_plus_greedy,96,4656,0.4082316717278684,2.189807599185843e-06,0.0014797998510561634,1.0,1.0,0.0004274095650603422,0,2368,0,,000000011000000000111101000010001000000101000111001101111111000101000100000010000001000000110000
8,960,60,5,rounded_reference,96,4656,0.4082316717278684,3.3386961027961783e-06,0.0018272099230236733,1.0,1.0175181279889098,0.0004299406396747488,0,0,0,0,000000001101000000100000000001000000000010001000000101000100001101111000000100110110000001101001
8,960,60,5,greedy_from_rounded,96,4656,0.4082316717278684,3.28121535229549e-06,0.001811412529573396,0.98278347332884,1.0,0.0005159051921786019,1,0,1,,000000001101000000100000000001000000000010001000000101000100001101111000000100110111000001101001
8,960,60,5,cold_SA_plus_greedy,96,4656,0.4082316717278684,0.10035164950657006,0.3167832847651057,30057.13800142665,30583.68279191597,0.18548504335343272,55,7010,0,,111111110011111111100011111111010000111111000000111111111111001010101011000011010000000001000000
8,960,60,5,warm_SA_plus_greedy,96,4656,0.4082316717278684,3.28121535229549e-06,0.001811412529573396,0.98278347332884,1.0,0.0005159051921786019,1,3340,1,,000000001101000000100000000001000000000010001000000101000100001101111000000100110111000001101001
8,960,60,6,rounded_reference,96,4656,0.4082316717278684,1.734735278870118e-06,0.0013170934966319277,1.0,1.2648896529264742,0.0003255184674020251,0,0,0,0,000000000111000000010000000000100000000000111101000010000001000100110110001101011111000100000110
8,960,60,6,greedy_from_rounded,96,4656,0.4082316717278684,1.3714518692255879e-06,0.0011710900346367857,0.7905827972316636,1.0,0.0003672709060291128,1,0,1,,000000000111000000010001000000100000000000111101000010000001000100110110001101011111000100000110
8,960,60,6,cold_SA_plus_greedy,96,4656,0.4082316717278684,0.10895456485925466,0.3300826636757142,62807.60308870864,79444.68727202041,0.12591098638671794,45,7034,0,,000000000000111111111111000000010000000000101000000001011111000100000000001011000000111111111111
8,960,60,6,warm_SA_plus_greedy,96,4656,0.4082316717278684,1.3714518692255879e-06,0.0011710900346367857,0.7905827972316636,1.0,0.0003672709060291128,1,2997,1,,000000000111000000010001000000100000000000111101000010000001000100110110001101011111000100000110
8,960,60,7,rounded_reference,96,4656,0.4082316717278684,5.868012614577263e-07,0.0007660295434627351,1.0,1.0,0.0002669812745537079,0,0,0,0,000000000011000000000111000000001101000000011000000000110000000001101001000100000110001011110110
8,960,60,7,greedy_from_rounded,96,4656,0.4082316717278684,5.868012614577263e-07,0.0007660295434627351,1.0,1.0,0.00026698127455370796,0,0,0,,000000000011000000000111000000001101000000011000000000110000000001101001000100000110001011110110
8,960,60,7,cold_SA_plus_greedy,96,4656,0.4082316717278684,0.0017910410807642765,0.04232069329257587,3052.210685973968,3052.210685973968,0.013755420737432673,40,6513,0,,000000000000111111111110111111111111000000011001000001000000000010000000000011111111001011101111
8,960,60,7,warm_SA_plus_greedy,96,4656,0.4082316717278684,5.868012614577263e-07,0.0007660295434627351,1.0,1.0,0.00026698127455370796,0,3876,0,,000000000011000000000111000000001101000000011000000000110000000001101001000100000110001011110110
8,960,120,0,rounded_reference,96,4656,0.4082316717278684,5.868012614576522e-07,0.0007660295434626866,1.0,1.0,0.00026698127455368503,0,0,0,0,001011110110000100000110000001101001000000110000000000011000000000001101000000000111000000000011
8,960,120,0,greedy_from_rounded,96,4656,0.4082316717278684,5.868012614576522e-07,0.0007660295434626866,1.0,1.0,0.0002669812745536851,0,0,0,,001011110110000100000110000001101001000000110000000000011000000000001101000000000111000000000011
8,960,120,0,cold_SA_plus_greedy,96,4656,0.4082316717278684,0.011805502335742879,0.10865312851336992,20118.399722620314,20118.399722620314,0.056948453865322365,52,7448,5,,001011011000000010111111111111111111000000000000111111111111000000000000111111111111111111111111
8,960,120,0,warm_SA_plus_greedy,96,4656,0.4082316717278684,5.868012614576522e-07,0.0007660295434626866,1.0,1.0,0.0002669812745536851,0,2400,0,,001011110110000100000110000001101001000000110000000000011000000000001101000000000111000000000011
8,960,120,1,rounded_reference,96,4656,0.4082316717278684,1.7347352788701088e-06,0.0013170934966319243,1.0,1.2648896529264888,0.00032551846740205967,0,0,0,0,000100000110001101011111000100110110000010000001000000111101000000100000000000010000000000000111
8,960,120,1,greedy_from_rounded,96,4656,0.4082316717278684,1.3714518692255648e-06,0.0011710900346367757,0.7905827972316545,1.0,0.00036727090602914065,1,0,1,,000100000110001101011111000100110110000010000001000000111101000000100000000000010001000000000111
8,960,120,1,cold_SA_plus_greedy,96,4656,0.4082316717278684,0.11192082332811217,0.3345456969206332,64517.523043060464,81607.54732961349,0.16812205347336237,47,6617,0,,111111111111001001111111000001111111111111111111111111110001111111110111000000000000000000000000
8,960,120,1,warm_SA_plus_greedy,96,4656,0.4082316717278684,1.3714518692255648e-06,0.0011710900346367757,0.7905827972316545,1.0,0.00036727090602914065,1,5431,1,,000100000110001101011111000100110110000010000001000000111101000000100000000000010001000000000111
8,960,120,2,rounded_reference,96,4656,0.4082316717278684,3.3386961027961105e-06,0.001827209923023655,1.0,1.0175181279888525,0.00042994063967476397,0,0,0,0,000001101001000100110110001101111000000101000100000010001000000001000000000000100000000000001101
8,960,120,2,greedy_from_rounded,96,4656,0.4082316717278684,3.281215352295608e-06,0.0018114125295734288,0.9827834733288953,1.0,0.0005159051921786037,1,0,1,,000001101001000100110111001101111000000101000100000010001000000001000000000000100000000000001101
8,960,120,2,cold_SA_plus_greedy,96,4656,0.4082316717278684,0.11525503594128698,0.3394923208870666,34520.97237743877,35125.715189846385,0.1905985488850812,32,7117,0,,111111111111000010010100001001111111111111111111000000000000000000000000000000000000000000000000
8,960,120,2,warm_SA_plus_greedy,96,4656,0.4082316717278684,3.281215352295608e-06,0.0018114125295734288,0.9827834733288953,1.0,0.0005159051921786037,1,4211,1,,000001101001000100110111001101111000000101000100000010001000000001000000000000100000000000001101
8,960,120,3,rounded_reference,96,4656,0.4082316717278684,2.1898075991858555e-06,0.0014797998510561676,1.0,1.0,0.0004274095650603496,0,0,0,0,000000110000000010000001000101000100001101111111000101000111000010001000000000111101000000011000
8,960,120,3,greedy_from_rounded,96,4656,0.4082316717278684,2.1898075991858555e-06,0.0014797998510561676,1.0,1.0,0.00042740956506034065,0,0,0,,000000110000000010000001000101000100001101111111000101000111000010001000000000111101000000011000
8,960,120,3,cold_SA_plus_greedy,96,4656,0.4082316717278684,0.7615091886155113,0.8726449384575099,347751.642152777,347751.642152777,0.527957598611188,66,7234,0,,111110011111111100111111111011111110111111111111111100000000111100111011111110001011111111001011
8,960,120,3,warm_SA_plus_greedy,96,4656,0.4082316717278684,2.1898075991858555e-06,0.0014797998510561676,1.0,1.0,0.00042740956506034065,0,3378,0,,000000110000000010000001000101000100001101111111000101000111000010001000000000111101000000011000
8,960,120,4,rounded_reference,96,4656,0.4082316717278684,2.189807599185843e-06,0.0014797998510561634,1.0,1.0,0.0004274095650603512,0,0,0,0,000000011000000000111101000010001000000101000111001101111111000101000100000010000001000000110000
8,960,120,4,greedy_from_rounded,96,4656,0.4082316717278684,2.189807599185843e-06,0.0014797998510561634,1.0,1.0,0.0004274095650603422,0,0,0,,000000011000000000111101000010001000000101000111001101111111000101000100000010000001000000110000
8,960,120,4,cold_SA_plus_greedy,96,4656,0.4082316717278684,0.11189449337230374,0.33450634279831487,51097.86513386172,51097.86513386172,0.16967756151030017,47,6663,0,,111111111111000001000000000010000000000100000000001011000000111111111111111111010000000000000000
8,960,120,4,warm_SA_plus_greedy,96,4656,0.4082316717278684,2.189807599185843e-06,0.0014797998510561634,1.0,1.0,0.0004274095650603422,0,4323,0,,000000011000000000111101000010001000000101000111001101111111000101000100000010000001000000110000
8,960,120,5,rounded_reference,96,4656,0.4082316717278684,3.3386961027961783e-06,0.0018272099230236733,1.0,1.0175181279889098,0.0004299406396747488,0,0,0,0,000000001101000000100000000001000000000010001000000101000100001101111000000100110110000001101001
8,960,120,5,greedy_from_rounded,96,4656,0.4082316717278684,3.28121535229549e-06,0.001811412529573396,0.98278347332884,1.0,0.0005159051921786019,1,0,1,,000000001101000000100000000001000000000010001000000101000100001101111000000100110111000001101001
8,960,120,5,cold_SA_plus_greedy,96,4656,0.4082316717278684,0.0705100571484009,0.2655372989777536,21119.040181389464,21489.00623028998,0.10036936920104148,49,6085,0,,111111111111000000000000111111110000111111111111000011111111010000000000000110100000000010011001
8,960,120,5,warm_SA_plus_greedy,96,4656,0.4082316717278684,3.28121535229549e-06,0.001811412529573396,0.98278347332884,1.0,0.0005159051921786019,1,3325,1,,000000001101000000100000000001000000000010001000000101000100001101111000000100110111000001101001
8,960,120,6,rounded_reference,96,4656,0.4082316717278684,1.734735278870118e-06,0.0013170934966319277,1.0,1.2648896529264742,0.0003255184674020251,0,0,0,0,000000000111000000010000000000100000000000111101000010000001000100110110001101011111000100000110
8,960,120,6,greedy_from_rounded,96,4656,0.4082316717278684,1.3714518692255879e-06,0.0011710900346367857,0.7905827972316636,1.0,0.0003672709060291128,1,0,1,,000000000111000000010001000000100000000000111101000010000001000100110110001101011111000100000110
8,960,120,6,cold_SA_plus_greedy,96,4656,0.4082316717278684,0.92911362550592,0.9639054027786752,535593.895404651,677467.1764679273,0.4043766752790909,27,6790,0,,000000000000000000000000000000000000000000000011000000000000111110000000111111111111000000000000
8,960,120,6,warm_SA_plus_greedy,96,4656,0.4082316717278684,1.3714518692255879e-06,0.0011710900346367857,0.7905827972316636,1.0,0.0003672709060291128,1,2326,1,,000000000111000000010001000000100000000000111101000010000001000100110110001101011111000100000110
8,960,120,7,rounded_reference,96,4656,0.4082316717278684,5.868012614577263e-07,0.0007660295434627351,1.0,1.0,0.0002669812745537079,0,0,0,0,000000000011000000000111000000001101000000011000000000110000000001101001000100000110001011110110
8,960,120,7,greedy_from_rounded,96,4656,0.4082316717278684,5.868012614577263e-07,0.0007660295434627351,1.0,1.0,0.00026698127455370796,0,0,0,,000000000011000000000111000000001101000000011000000000110000000001101001000100000110001011110110
8,960,120,7,cold_SA_plus_greedy,96,4656,0.4082316717278684,0.10597289060506464,0.3255347763374362,180594.17653910245,180594.17653910245,0.16533667137499525,56,6871,0,,000000000001000000000000111111110001111111011111111111001110111111000010111111111111000111111111
8,960,120,7,warm_SA_plus_greedy,96,4656,0.4082316717278684,5.868012614577263e-07,0.0007660295434627351,1.0,1.0,0.00026698127455370796,0,5024,0,,000000000011000000000111000000001101000000011000000000110000000001101001000100000110001011110110
