pde,K,B,M,gamma,q_per_scalar,qubo_bits,candidates_per_column,num_qubo_column_solves,precompute_time_sec,online_solve_time_sec,rel_l2_vs_discrete_exact,rel_l2_vs_dense,linf_vs_discrete_exact,residual_norm,relative_residual,exact_block_vs_dense_rel_l2,mean_qubo_energy,max_qubo_energy,mean_column_residual,max_column_residual,mean_inv_fro_error,max_inv_fro_error,mean_inv_residual_fro,max_inv_residual_fro,max_schur_condition,mean_theory_bound_fro,max_theory_bound_fro,fixed_point_range_low,fixed_point_range_high,exact_schur_inverse_min_entry,exact_schur_inverse_max_entry,clipping_risk,num_time_steps,rel_l2_vs_dense_final,rel_l2_vs_analytic_final,dense_rel_l2_vs_analytic_final,linf_vs_dense_final
poisson_2d,4,2,1,0.01,6,12,4096,12,0.9725858009999939,8.356200000037006e-05,0.07769322801868642,0.07769322801868621,0.07742576304598126,4.067743683733536,0.08520342121976404,3.6048212311130094e-16,0.0004926460298919671,0.0007580015820312486,0.020684242361426554,0.02753182852683869,0.0004461330060140379,0.0008014696227274371,0.036419859337949924,0.060936893742751234,1.3465115373950016,0.0008058307656100234,0.000841569710871876,-0.02,0.019375,0.000672897196261682,0.011580815582071424,False,,,,,
klein_gordon_1d,4,2,1,1.0,6,12,4096,12,0.017902549999988082,0.006676820999999222,,,,,,2.146606293155576e-15,0.00038715820312499796,0.0005493164062499959,0.019218749999999955,0.023437499999999913,0.0570105195080798,0.057984525614747734,0.030203343938586064,0.030678791530148825,3.8801644296494886,0.2412479437240627,0.24251027685309304,-2.0,1.9375,-1.4607151972148908,0.9782030331206103,False,20.0,0.3151631078613268,0.2725059861159996,0.03645616901181084,0.7279839112228532
poisson_2d,5,2,1,0.01,7,14,16384,12,0.021856573000007984,7.124600000452119e-05,0.009424208808900948,0.009424208808901161,0.00955515256204098,0.9045536026910038,0.01894688250248792,3.6048212311130094e-16,9.487564448992466e-05,0.00015162231706619412,0.009546926178931043,0.012313501413740695,0.0001471128586516212,0.00021040874921420758,0.014327954030319516,0.01810007816590931,1.3465115373950016,0.0004029153828050117,0.000420784855435938,-0.02,0.0196875,0.000672897196261682,0.011580815582071424,False,,,,,
klein_gordon_1d,5,2,1,1.0,7,14,16384,12,0.013092154999995387,0.005468290999999681,,,,,,2.146606293155576e-15,0.000202367830276491,0.000225,0.014203276447995064,0.015,0.03272674468048879,0.036352380583320604,0.01829204285533805,0.02011804315913906,3.8801644296494886,0.12062397186203135,0.12125513842654652,-2.0,1.96875,-1.4607151972148908,0.9782030331206103,False,20.0,0.15691506279099907,0.18760194288139986,0.03645616901181084,0.43035301773024104
poisson_2d,6,2,1,0.01,8,16,65536,12,0.03481112799998698,7.895800000312647e-05,0.017766745465914602,0.017766745465914363,0.01688982729894406,1.3636951395634886,0.028564113283786774,3.6048212311130094e-16,3.841429112762164e-05,0.00010002441406249671,0.005675917387887142,0.010001220628628123,9.268264001668839e-05,0.00013290380693782157,0.00852027985990261,0.014143861853291462,1.3465115373950016,0.00020145769140250585,0.000210392427717969,-0.02,0.01984375,0.000672897196261682,0.011580815582071424,False,,,,,
klein_gordon_1d,6,2,1,1.0,8,16,65536,12,0.03019177600000944,0.002016490000002591,,,,,,2.146606293155576e-15,7.008753322018282e-05,8.943412357155102e-05,0.008310266622106415,0.00945696164587498,0.01693462776688778,0.017917639767019527,0.011584813294270467,0.011871587783648583,3.8801644296494886,0.06031198593101567,0.06062756921327326,-2.0,1.984375,-1.4607151972148908,0.9782030331206103,False,20.0,0.13275670849260268,0.09189804574245143,0.03645616901181084,0.36291284119656275
poisson_2d,7,2,1,0.01,9,18,262144,12,0.08265264299998876,6.79250000104048e-05,0.004878427095471854,0.004878427095472063,0.005318770839328413,0.54359857164055,0.011386277424304371,3.6048212311130094e-16,6.0298446772805395e-06,1.2512207031249931e-05,0.002380802747242278,0.0035372598195849187,3.6592057585532965e-05,5.775787707060349e-05,0.003298846802497852,0.00500244081049439,1.3465115373950016,0.00010072884570125293,0.0001051962138589845,-0.02,0.019921875000000002,0.000672897196261682,0.011580815582071424,False,,,,,
klein_gordon_1d,7,2,1,1.0,9,18,262144,12,0.0819209590000014,0.0020380290000048262,,,,,,2.146606293155576e-15,5.9220549912380894e-06,1.1294847592943337e-05,0.0021447547061252225,0.003360780801085306,0.0024849553831092067,0.0025077784461539064,0.003097638397105328,0.0030993345866142546,3.8801644296494886,0.030155992965507836,0.03031378460663663,-2.0,1.9921875,-1.4607151972148908,0.9782030331206103,False,20.0,0.013998470232349357,0.04199804704957749,0.03645616901181084,0.03766396629238833
poisson_2d,8,2,1,0.01,10,20,1048576,12,0.19438505899999825,8.20470000064688e-05,0.003678904302493722,0.0036789043024934905,0.003525795265649223,0.3891907387656745,0.00815203341903957,3.6048212311130094e-16,2.5035661648414537e-06,4.250246058050542e-06,0.0015523569103751587,0.0020616124897881614,2.5473870016376126e-05,3.392973642723046e-05,0.002271287814425597,0.002993152702871571,1.3465115373950016,5.036442285062646e-05,5.259810692949225e-05,-0.02,0.0199609375,0.000672897196261682,0.011580815582071424,False,,,,,
klein_gordon_1d,8,2,1,1.0,10,20,1048576,12,0.15564502899999866,0.0034585940000084747,,,,,,2.146606293155576e-15,2.471039439353792e-06,4.4735014438635525e-06,0.001492437124493929,0.002115065352149542,0.004601922646886505,0.004647839518040478,0.0024416684290805425,0.0024640553348978522,3.8801644296494886,0.015077996482753918,0.015156892303318315,-2.0,1.99609375,-1.4607151972148908,0.9782030331206103,False,20.0,0.02367022803569749,0.05821338257935407,0.03645616901181084,0.05967626830678574
poisson_2d,9,2,1,0.01,11,22,4194304,12,0.6382012279999998,5.5400999997345934e-05,0.0015450496701561727,0.0015450496701564225,0.0016479229490369285,0.16328749516774682,0.0034202384202163235,3.6048212311130094e-16,5.487419123147832e-07,1.0330200195312247e-06,0.0006945955902131737,0.0010163759243169944,1.0925202645959224e-05,1.5659491157706462e-05,0.0009988857383157535,0.001437372616638579,1.3465115373950016,2.518221142531323e-05,2.6299053464746126e-05,-0.02,0.01998046875,0.000672897196261682,0.011580815582071424,False,,,,,
klein_gordon_1d,9,2,1,1.0,11,22,4194304,12,0.6240602219999971,0.0020129469999972116,,,,,,2.146606293155576e-15,5.714474518184305e-07,1.008631709255257e-06,0.0006809576698608969,0.001004306581306354,0.0019124745718926757,0.0019223208624564007,0.0011504428678346564,0.0011509922672980402,3.8801644296494886,0.007538998241376959,0.007578446151659157,-2.0,1.998046875,-1.4607151972148908,0.9782030331206103,False,20.0,0.0044887266357106345,0.03275999181544738,0.03645616901181084,0.010696711468783704
poisson_2d,10,2,1,0.01,12,24,16777216,12,2.6083533019999976,6.334500000093612e-05,0.0006943865829574462,0.0006943865829572204,0.0008187049010580649,0.10211194935070012,0.0021388484891244294,3.6048212311130094e-16,1.4160028941149757e-07,3.2060996192439334e-07,0.0003560977657823772,0.0005662243035444464,4.787505071270678e-06,9.43164418415236e-06,0.00042840857467783735,0.0007985027772137897,1.3465115373950016,1.2591105712656616e-05,1.3149526732373063e-05,-0.02,0.019990234375,0.000672897196261682,0.011580815582071424,False,,,,,
klein_gordon_1d,10,2,1,1.0,12,24,16777216,12,2.597033701000001,0.0010894619999959332,,,,,,2.146606293155576e-15,2.097843475027906e-07,3.314208955757006e-07,0.0004355136182300824,0.0005756916671062749,0.0005401065734387452,0.0010266155973636237,0.0006393677466052082,0.0006888380522010869,3.8801644296494886,0.0037694991206884795,0.0037892230758295787,-2.0,1.9990234375,-1.4607151972148908,0.9782030331206103,False,20.0,0.006669423288797638,0.035515190875400136,0.03645616901181084,0.029928338930896636
